payment_id,order_id,customer_id,amount,payment_method,status,failure_reason,created_at,retry_count
PAY0001,ORD0001,CUST0164,2323,UPI,captured,,2026-08-06T13:44:00,0
PAY0002,ORD0002,CUST0058,2785,UPI,captured,,2026-08-13T09:50:00,0
PAY0003,ORD0003,CUST0023,7411,UPI,failed,insufficient_funds,2026-08-12T11:59:00,1
PAY0004,ORD0004,CUST0155,933,CARD,captured,,2026-08-13T09:36:00,0
PAY0005,ORD0005,CUST0108,4110,WALLET,captured,,2026-08-01T03:32:00,0
PAY0006,ORD0006,CUST0195,3114,WALLET,captured,,2026-08-04T12:54:00,0
PAY0007,ORD0007,CUST0056,6013,UPI,failed,bank_error,2026-08-08T19:50:00,2
PAY0008,ORD0008,CUST0155,4832,UPI,captured,,2026-08-13T04:51:00,0
PAY0009,ORD0009,CUST0032,6700,UPI,captured,,2026-08-15T07:19:00,0
PAY0010,ORD0010,CUST0159,6424,CARD,captured,,2026-08-02T01:01:00,0
PAY0011,ORD0011,CUST0170,4232,NETBANKING,captured,,2026-08-06T07:08:00,0
PAY0012,ORD0012,CUST0222,2153,WALLET,captured,,2026-08-15T11:10:00,0
PAY0013,ORD0013,CUST0214,6476,CARD,captured,,2026-08-05T18:25:00,0
PAY0014,ORD0014,CUST0172,4873,UPI,captured,,2026-08-04T21:27:00,0
PAY0015,ORD0015,CUST0137,4509,CARD,captured,,2026-08-07T03:25:00,0
PAY0016,ORD0016,CUST0237,9624,CARD,captured,,2026-08-02T06:32:00,0
PAY0017,ORD0017,CUST0059,1024,NETBANKING,captured,,2026-08-02T12:08:00,0
PAY0018,ORD0018,CUST0055,9791,NETBANKING,captured,,2026-08-12T08:38:00,0
PAY0019,ORD0019,CUST0102,8016,CARD,captured,,2026-08-06T14:41:00,0
PAY0020,ORD0020,CUST0191,9696,NETBANKING,captured,,2026-08-10T17:58:00,0
PAY0021,ORD0021,CUST0230,7042,NETBANKING,captured,,2026-08-04T03:32:00,0
PAY0022,ORD0022,CUST0131,8584,UPI,captured,,2026-08-03T11:52:00,0
PAY0023,ORD0023,CUST0040,3120,WALLET,captured,,2026-08-09T18:08:00,0
PAY0024,ORD0024,CUST0098,8167,NETBANKING,captured,,2026-08-01T06:16:00,0
PAY0025,ORD0025,CUST0175,2375,NETBANKING,captured,,2026-08-08T17:46:00,0
PAY0026,ORD0026,CUST0029,5307,WALLET,captured,,2026-08-01T01:46:00,0
PAY0027,ORD0027,CUST0245,4814,CARD,captured,,2026-08-03T10:06:00,0
PAY0028,ORD0028,CUST0223,5388,CARD,captured,,2026-08-04T16:13:00,0
PAY0029,ORD0029,CUST0139,9188,UPI,captured,,2026-08-12T02:50:00,0
PAY0030,ORD0030,CUST0005,2331,NETBANKING,captured,,2026-08-07T23:56:00,0
PAY0031,ORD0031,CUST0062,1448,CARD,captured,,2026-08-02T19:00:00,0
PAY0032,ORD0032,CUST0022,8461,UPI,captured,,2026-08-13T02:55:00,0
PAY0033,ORD0033,CUST0197,2559,CARD,captured,,2026-08-13T12:15:00,0
PAY0034,ORD0034,CUST0043,4841,WALLET,captured,,2026-08-13T06:31:00,0
PAY0035,ORD0035,CUST0194,3794,NETBANKING,captured,,2026-08-16T06:49:00,0
PAY0036,ORD0036,CUST0167,6617,WALLET,captured,,2026-08-11T06:34:00,0
PAY0037,ORD0037,CUST0031,4560,CARD,failed,bank_error,2026-08-14T09:22:00,1
PAY0038,ORD0038,CUST0057,616,UPI,captured,,2026-08-02T08:09:00,0
PAY0039,ORD0039,CUST0059,1603,UPI,captured,,2026-08-02T14:41:00,0
PAY0040,ORD0040,CUST0132,4398,NETBANKING,captured,,2026-08-05T21:00:00,0
PAY0041,ORD0041,CUST0139,2666,WALLET,captured,,2026-08-11T18:18:00,0
PAY0042,ORD0042,CUST0207,7168,CARD,failed,authentication_failed,2026-08-10T15:19:00,2
PAY0043,ORD0043,CUST0106,8150,UPI,captured,,2026-08-15T16:54:00,0
PAY0044,ORD0044,CUST0026,1492,WALLET,captured,,2026-08-03T11:40:00,0
PAY0045,ORD0045,CUST0064,3638,CARD,captured,,2026-08-04T04:33:00,0
PAY0046,ORD0046,CUST0109,3505,NETBANKING,captured,,2026-08-02T17:10:00,0
PAY0047,ORD0047,CUST0114,9515,UPI,failed,limit_exceeded,2026-08-03T02:56:00,0
PAY0048,ORD0048,CUST0238,4371,CARD,captured,,2026-08-11T22:53:00,0
PAY0049,ORD0049,CUST0055,7069,UPI,failed,bank_error,2026-08-07T00:50:00,3
PAY0050,ORD0050,CUST0238,7953,NETBANKING,captured,,2026-08-13T15:31:00,0
PAY0051,ORD0051,CUST0170,8472,CARD,captured,,2026-08-05T22:53:00,0
PAY0052,ORD0052,CUST0248,1457,UPI,captured,,2026-08-02T07:13:00,0
PAY0053,ORD0053,CUST0013,8310,CARD,failed,limit_exceeded,2026-08-05T05:29:00,0
PAY0054,ORD0054,CUST0018,1612,CARD,captured,,2026-08-13T23:07:00,0
PAY0055,ORD0055,CUST0064,9984,UPI,captured,,2026-08-10T12:57:00,0
PAY0056,ORD0056,CUST0169,9759,NETBANKING,captured,,2026-08-05T15:33:00,0
PAY0057,ORD0057,CUST0172,5646,CARD,captured,,2026-08-03T23:28:00,0
PAY0058,ORD0058,CUST0172,5414,WALLET,captured,,2026-08-02T15:37:00,0
PAY0059,ORD0059,CUST0003,8007,UPI,failed,insufficient_funds,2026-08-04T00:20:00,2
PAY0060,ORD0060,CUST0239,6217,UPI,captured,,2026-08-09T09:48:00,0
PAY0061,ORD0061,CUST0073,3083,WALLET,captured,,2026-08-07T21:12:00,0
PAY0062,ORD0062,CUST0157,9165,UPI,captured,,2026-08-13T14:53:00,0
PAY0063,ORD0063,CUST0077,2196,CARD,captured,,2026-08-03T10:27:00,0
PAY0064,ORD0064,CUST0191,9563,CARD,captured,,2026-08-14T18:19:00,0
PAY0065,ORD0065,CUST0054,6116,CARD,captured,,2026-08-07T00:10:00,0
PAY0066,ORD0066,CUST0130,8503,NETBANKING,captured,,2026-08-02T03:44:00,0
PAY0067,ORD0067,CUST0024,7438,NETBANKING,failed,network_error,2026-08-15T11:56:00,1
PAY0068,ORD0068,CUST0068,3146,WALLET,captured,,2026-08-10T17:34:00,0
PAY0069,ORD0069,CUST0144,657,UPI,failed,insufficient_funds,2026-08-09T09:38:00,0
PAY0070,ORD0070,CUST0150,9551,CARD,captured,,2026-08-01T22:50:00,0
PAY0071,ORD0071,CUST0079,6473,UPI,captured,,2026-08-05T18:43:00,0
PAY0072,ORD0072,CUST0175,4587,UPI,captured,,2026-08-13T17:46:00,0
PAY0073,ORD0073,CUST0227,7157,CARD,captured,,2026-08-06T09:17:00,0
PAY0074,ORD0074,CUST0222,3161,CARD,captured,,2026-08-01T13:32:00,0
PAY0075,ORD0075,CUST0046,5941,WALLET,captured,,2026-08-06T15:31:00,0
PAY0076,ORD0076,CUST0069,3107,UPI,captured,,2026-08-01T21:08:00,0
PAY0077,ORD0077,CUST0220,8210,CARD,captured,,2026-08-11T11:23:00,0
PAY0078,ORD0078,CUST0090,5499,CARD,captured,,2026-08-16T00:27:00,0
PAY0079,ORD0079,CUST0050,7027,NETBANKING,captured,,2026-08-02T13:54:00,0
PAY0080,ORD0080,CUST0248,5072,NETBANKING,captured,,2026-08-10T02:16:00,0
PAY0081,ORD0081,CUST0174,9284,NETBANKING,captured,,2026-08-03T14:59:00,0
PAY0082,ORD0082,CUST0225,4778,CARD,captured,,2026-08-07T00:58:00,0
PAY0083,ORD0083,CUST0010,2275,WALLET,captured,,2026-08-08T03:18:00,0
PAY0084,ORD0084,CUST0112,8878,UPI,captured,,2026-08-14T02:53:00,0
PAY0085,ORD0085,CUST0049,4672,UPI,captured,,2026-08-01T00:55:00,0
PAY0086,ORD0086,CUST0134,9320,CARD,captured,,2026-08-02T14:12:00,0
PAY0087,ORD0087,CUST0243,5908,NETBANKING,captured,,2026-08-03T20:03:00,0
PAY0088,ORD0088,CUST0185,5419,NETBANKING,captured,,2026-08-08T10:08:00,0
PAY0089,ORD0089,CUST0104,5343,CARD,captured,,2026-08-16T03:08:00,0
PAY0090,ORD0090,CUST0241,6710,CARD,captured,,2026-08-07T20:21:00,0
PAY0091,ORD0091,CUST0104,9476,UPI,captured,,2026-08-05T18:47:00,0
PAY0092,ORD0092,CUST0111,5778,WALLET,captured,,2026-08-16T08:58:00,0
PAY0093,ORD0093,CUST0055,8874,WALLET,captured,,2026-08-04T20:40:00,0
PAY0094,ORD0094,CUST0169,1888,NETBANKING,captured,,2026-08-15T09:40:00,0
PAY0095,ORD0095,CUST0159,5990,UPI,captured,,2026-08-06T08:16:00,0
PAY0096,ORD0096,CUST0173,5584,CARD,captured,,2026-08-04T08:28:00,0
PAY0097,ORD0097,CUST0007,1256,CARD,captured,,2026-08-14T21:50:00,0
PAY0098,ORD0098,CUST0218,1692,WALLET,captured,,2026-08-15T07:56:00,0
PAY0099,ORD0099,CUST0148,3684,WALLET,captured,,2026-08-06T13:14:00,0
PAY0100,ORD0100,CUST0038,589,UPI,captured,,2026-08-05T23:30:00,0
PAY0101,ORD0101,CUST0046,8985,WALLET,failed,insufficient_funds,2026-08-11T09:17:00,0
PAY0102,ORD0102,CUST0035,8111,NETBANKING,captured,,2026-08-11T01:42:00,0
PAY0103,ORD0103,CUST0157,8769,WALLET,captured,,2026-08-13T11:12:00,0
PAY0104,ORD0104,CUST0115,3106,WALLET,captured,,2026-08-06T15:01:00,0
PAY0105,ORD0105,CUST0216,5042,WALLET,captured,,2026-08-07T05:58:00,0
PAY0106,ORD0106,CUST0113,1768,NETBANKING,captured,,2026-08-08T15:25:00,0
PAY0107,ORD0107,CUST0082,9348,UPI,failed,insufficient_funds,2026-08-04T11:27:00,3
PAY0108,ORD0108,CUST0181,4004,UPI,captured,,2026-08-08T12:42:00,0
PAY0109,ORD0109,CUST0139,8132,WALLET,failed,authentication_failed,2026-08-14T06:59:00,3
PAY0110,ORD0110,CUST0243,819,WALLET,captured,,2026-08-09T00:06:00,0
PAY0111,ORD0111,CUST0077,6888,WALLET,captured,,2026-08-13T10:15:00,0
PAY0112,ORD0112,CUST0205,4112,WALLET,captured,,2026-08-10T22:01:00,0
PAY0113,ORD0113,CUST0125,974,WALLET,captured,,2026-08-16T10:54:00,0
PAY0114,ORD0114,CUST0205,7123,CARD,captured,,2026-08-03T21:42:00,0
PAY0115,ORD0115,CUST0160,9250,UPI,captured,,2026-08-14T11:15:00,0
PAY0116,ORD0116,CUST0145,943,UPI,captured,,2026-08-04T02:06:00,0
PAY0117,ORD0117,CUST0222,8063,CARD,failed,authentication_failed,2026-08-05T19:35:00,2
PAY0118,ORD0118,CUST0117,5854,NETBANKING,captured,,2026-08-09T15:03:00,0
PAY0119,ORD0119,CUST0072,7405,NETBANKING,captured,,2026-08-11T16:51:00,0
PAY0120,ORD0120,CUST0005,9336,UPI,captured,,2026-08-08T23:07:00,0
PAY0121,ORD0121,CUST0058,1623,UPI,captured,,2026-08-06T15:02:00,0
PAY0122,ORD0122,CUST0052,832,CARD,captured,,2026-08-11T18:37:00,0
PAY0123,ORD0123,CUST0172,2373,CARD,captured,,2026-08-06T19:56:00,0
PAY0124,ORD0124,CUST0197,6542,CARD,captured,,2026-08-03T14:33:00,0
PAY0125,ORD0125,CUST0200,3182,NETBANKING,captured,,2026-08-01T14:01:00,0
PAY0126,ORD0126,CUST0238,5610,WALLET,captured,,2026-08-05T12:18:00,0
PAY0127,ORD0127,CUST0020,4477,UPI,captured,,2026-08-07T20:42:00,0
PAY0128,ORD0128,CUST0218,2482,UPI,captured,,2026-08-10T17:57:00,0
PAY0129,ORD0129,CUST0170,6570,UPI,captured,,2026-08-08T18:21:00,0
PAY0130,ORD0130,CUST0004,7381,WALLET,captured,,2026-08-09T05:48:00,0
PAY0131,ORD0131,CUST0163,8031,CARD,captured,,2026-08-12T20:56:00,0
PAY0132,ORD0132,CUST0248,4924,WALLET,captured,,2026-08-14T11:34:00,0
PAY0133,ORD0133,CUST0069,5779,CARD,captured,,2026-08-02T23:19:00,0
PAY0134,ORD0134,CUST0072,7884,CARD,captured,,2026-08-13T23:12:00,0
PAY0135,ORD0135,CUST0157,6708,NETBANKING,failed,network_error,2026-08-12T02:16:00,1
PAY0136,ORD0136,CUST0055,6312,NETBANKING,captured,,2026-08-14T13:34:00,0
PAY0137,ORD0137,CUST0180,5025,UPI,captured,,2026-08-05T08:20:00,0
PAY0138,ORD0138,CUST0022,4453,WALLET,captured,,2026-08-06T11:14:00,0
PAY0139,ORD0139,CUST0177,8299,WALLET,captured,,2026-08-01T09:25:00,0
PAY0140,ORD0140,CUST0024,5319,CARD,captured,,2026-08-06T12:52:00,0
PAY0141,ORD0141,CUST0079,6545,WALLET,captured,,2026-08-08T19:44:00,0
PAY0142,ORD0142,CUST0109,9516,NETBANKING,captured,,2026-08-11T07:48:00,0
PAY0143,ORD0143,CUST0070,5522,NETBANKING,captured,,2026-08-05T09:10:00,0
PAY0144,ORD0144,CUST0081,2457,CARD,captured,,2026-08-12T00:26:00,0
PAY0145,ORD0145,CUST0071,9094,NETBANKING,captured,,2026-08-05T10:00:00,0
PAY0146,ORD0146,CUST0076,4226,NETBANKING,captured,,2026-08-01T07:43:00,0
PAY0147,ORD0147,CUST0182,9250,CARD,captured,,2026-08-02T05:46:00,0
PAY0148,ORD0148,CUST0142,5285,CARD,captured,,2026-08-12T04:05:00,0
PAY0149,ORD0149,CUST0027,699,NETBANKING,captured,,2026-08-11T00:33:00,0
PAY0150,ORD0150,CUST0088,3519,UPI,captured,,2026-08-11T20:54:00,0
PAY0151,ORD0151,CUST0030,1569,WALLET,captured,,2026-08-14T03:07:00,0
PAY0152,ORD0152,CUST0162,1377,CARD,captured,,2026-08-13T19:23:00,0
PAY0153,ORD0153,CUST0243,5477,UPI,captured,,2026-08-03T16:41:00,0
PAY0154,ORD0154,CUST0143,7317,CARD,captured,,2026-08-09T15:44:00,0
PAY0155,ORD0155,CUST0116,7752,NETBANKING,captured,,2026-08-10T18:11:00,0
PAY0156,ORD0156,CUST0079,9815,UPI,captured,,2026-08-03T06:11:00,0
PAY0157,ORD0157,CUST0243,3903,CARD,captured,,2026-08-02T20:20:00,0
PAY0158,ORD0158,CUST0041,4428,CARD,captured,,2026-08-04T13:29:00,0
PAY0159,ORD0159,CUST0001,7192,WALLET,captured,,2026-08-11T16:38:00,0
PAY0160,ORD0160,CUST0075,1033,CARD,captured,,2026-08-07T10:24:00,0
PAY0161,ORD0161,CUST0180,7937,UPI,captured,,2026-08-07T00:28:00,0
PAY0162,ORD0162,CUST0202,3740,WALLET,captured,,2026-08-06T02:46:00,0
PAY0163,ORD0163,CUST0166,2940,NETBANKING,captured,,2026-08-02T14:59:00,0
PAY0164,ORD0164,CUST0016,3217,NETBANKING,captured,,2026-08-13T22:51:00,0
PAY0165,ORD0165,CUST0236,5227,WALLET,captured,,2026-08-07T22:04:00,0
PAY0166,ORD0166,CUST0180,7093,NETBANKING,captured,,2026-08-12T05:40:00,0
PAY0167,ORD0167,CUST0113,1816,UPI,captured,,2026-08-08T08:01:00,0
PAY0168,ORD0168,CUST0155,4601,UPI,failed,limit_exceeded,2026-08-16T07:09:00,0
PAY0169,ORD0169,CUST0211,4914,UPI,captured,,2026-08-04T23:40:00,0
PAY0170,ORD0170,CUST0121,9001,WALLET,captured,,2026-08-05T03:07:00,0
PAY0171,ORD0171,CUST0150,7640,WALLET,captured,,2026-08-11T16:41:00,0
PAY0172,ORD0172,CUST0090,7189,NETBANKING,captured,,2026-08-03T09:07:00,0
PAY0173,ORD0173,CUST0220,3133,NETBANKING,captured,,2026-08-12T06:35:00,0
PAY0174,ORD0174,CUST0074,7060,UPI,captured,,2026-08-08T03:46:00,0
PAY0175,ORD0175,CUST0065,5795,UPI,captured,,2026-08-10T04:44:00,0
PAY0176,ORD0176,CUST0222,8930,UPI,captured,,2026-08-13T08:19:00,0
PAY0177,ORD0177,CUST0119,7269,UPI,captured,,2026-08-09T05:34:00,0
PAY0178,ORD0178,CUST0160,8666,WALLET,captured,,2026-08-05T15:10:00,0
PAY0179,ORD0179,CUST0069,9497,CARD,captured,,2026-08-10T23:16:00,0
PAY0180,ORD0180,CUST0226,8440,UPI,failed,limit_exceeded,2026-08-04T14:29:00,1
PAY0181,ORD0181,CUST0080,9523,UPI,captured,,2026-08-03T02:54:00,0
PAY0182,ORD0182,CUST0058,2357,WALLET,captured,,2026-08-15T17:44:00,0
PAY0183,ORD0183,CUST0214,3021,WALLET,captured,,2026-08-07T15:23:00,0
PAY0184,ORD0184,CUST0131,4978,WALLET,captured,,2026-08-11T17:53:00,0
PAY0185,ORD0185,CUST0063,7982,CARD,captured,,2026-08-14T15:20:00,0
PAY0186,ORD0186,CUST0131,2735,UPI,captured,,2026-08-10T10:36:00,0
PAY0187,ORD0187,CUST0088,8817,NETBANKING,captured,,2026-08-07T10:28:00,0
PAY0188,ORD0188,CUST0186,5390,WALLET,captured,,2026-08-11T03:52:00,0
PAY0189,ORD0189,CUST0138,8434,NETBANKING,captured,,2026-08-13T08:47:00,0
PAY0190,ORD0190,CUST0097,7959,NETBANKING,captured,,2026-08-06T10:25:00,0
PAY0191,ORD0191,CUST0147,6773,CARD,captured,,2026-08-10T08:20:00,0
PAY0192,ORD0192,CUST0012,5712,WALLET,captured,,2026-08-09T16:12:00,0
PAY0193,ORD0193,CUST0099,2991,WALLET,captured,,2026-08-03T20:56:00,0
PAY0194,ORD0194,CUST0129,5938,UPI,captured,,2026-08-11T00:27:00,0
PAY0195,ORD0195,CUST0026,9116,WALLET,failed,insufficient_funds,2026-08-15T21:35:00,3
PAY0196,ORD0196,CUST0249,3028,UPI,captured,,2026-08-07T00:44:00,0
PAY0197,ORD0197,CUST0087,7011,UPI,captured,,2026-08-16T08:17:00,0
PAY0198,ORD0198,CUST0220,9241,WALLET,captured,,2026-08-15T06:18:00,0
PAY0199,ORD0199,CUST0184,8493,UPI,captured,,2026-08-06T08:12:00,0
PAY0200,ORD0200,CUST0162,5207,CARD,captured,,2026-08-10T21:00:00,0
PAY0201,ORD0201,CUST0026,2145,WALLET,captured,,2026-08-07T19:32:00,0
PAY0202,ORD0202,CUST0232,973,UPI,captured,,2026-08-02T06:38:00,0
PAY0203,ORD0203,CUST0076,6372,NETBANKING,captured,,2026-08-06T13:21:00,0
PAY0204,ORD0204,CUST0136,7250,CARD,captured,,2026-08-02T19:07:00,0
PAY0205,ORD0205,CUST0157,6766,CARD,captured,,2026-08-14T06:28:00,0
PAY0206,ORD0206,CUST0037,4303,WALLET,captured,,2026-08-11T10:59:00,0
PAY0207,ORD0207,CUST0066,652,WALLET,captured,,2026-08-16T10:03:00,0
PAY0208,ORD0208,CUST0140,3087,UPI,captured,,2026-08-08T20:43:00,0
PAY0209,ORD0209,CUST0151,5400,WALLET,captured,,2026-08-11T09:29:00,0
PAY0210,ORD0210,CUST0217,5448,CARD,captured,,2026-08-11T23:53:00,0
PAY0211,ORD0211,CUST0028,4385,WALLET,captured,,2026-08-14T01:55:00,0
PAY0212,ORD0212,CUST0076,5336,UPI,captured,,2026-08-15T23:28:00,0
PAY0213,ORD0213,CUST0102,4996,UPI,captured,,2026-08-02T02:47:00,0
PAY0214,ORD0214,CUST0234,8637,NETBANKING,captured,,2026-08-06T05:40:00,0
PAY0215,ORD0215,CUST0156,6271,CARD,captured,,2026-08-15T03:05:00,0
PAY0216,ORD0216,CUST0065,2739,UPI,captured,,2026-08-15T16:59:00,0
PAY0217,ORD0217,CUST0011,5560,WALLET,failed,network_error,2026-08-03T01:13:00,1
PAY0218,ORD0218,CUST0233,5334,NETBANKING,captured,,2026-08-04T23:55:00,0
PAY0219,ORD0219,CUST0052,2664,NETBANKING,captured,,2026-08-07T04:50:00,0
PAY0220,ORD0220,CUST0213,3194,NETBANKING,captured,,2026-08-11T23:09:00,0
PAY0221,ORD0221,CUST0248,5334,NETBANKING,captured,,2026-08-11T15:46:00,0
PAY0222,ORD0222,CUST0247,1732,CARD,captured,,2026-08-06T03:12:00,0
PAY0223,ORD0223,CUST0221,7010,NETBANKING,captured,,2026-08-09T23:29:00,0
PAY0224,ORD0224,CUST0004,4831,UPI,captured,,2026-08-16T07:27:00,0
PAY0225,ORD0225,CUST0192,4794,WALLET,captured,,2026-08-09T10:52:00,0
PAY0226,ORD0226,CUST0028,4329,WALLET,failed,limit_exceeded,2026-08-14T21:11:00,2
PAY0227,ORD0227,CUST0057,1534,WALLET,captured,,2026-08-07T21:02:00,0
PAY0228,ORD0228,CUST0167,7188,UPI,failed,bank_error,2026-08-12T05:02:00,2
PAY0229,ORD0229,CUST0030,2091,CARD,captured,,2026-08-04T02:05:00,0
PAY0230,ORD0230,CUST0100,7931,NETBANKING,captured,,2026-08-13T07:01:00,0
PAY0231,ORD0231,CUST0108,3030,WALLET,captured,,2026-08-12T03:14:00,0
PAY0232,ORD0232,CUST0158,7185,NETBANKING,failed,network_error,2026-08-11T02:08:00,1
PAY0233,ORD0233,CUST0114,4367,NETBANKING,captured,,2026-08-09T08:36:00,0
PAY0234,ORD0234,CUST0140,6375,UPI,captured,,2026-08-05T07:39:00,0
PAY0235,ORD0235,CUST0248,2500,WALLET,captured,,2026-08-05T19:50:00,0
PAY0236,ORD0236,CUST0165,848,UPI,captured,,2026-08-06T13:01:00,0
PAY0237,ORD0237,CUST0033,9749,CARD,failed,limit_exceeded,2026-08-14T08:14:00,1
PAY0238,ORD0238,CUST0056,4316,NETBANKING,captured,,2026-08-14T13:29:00,0
PAY0239,ORD0239,CUST0001,5041,CARD,captured,,2026-08-13T07:01:00,0
PAY0240,ORD0240,CUST0065,3357,UPI,captured,,2026-08-01T14:04:00,0
PAY0241,ORD0241,CUST0034,742,NETBANKING,captured,,2026-08-06T09:56:00,0
PAY0242,ORD0242,CUST0151,5803,UPI,failed,bank_error,2026-08-10T13:54:00,1
PAY0243,ORD0243,CUST0135,2361,UPI,captured,,2026-08-09T05:43:00,0
PAY0244,ORD0244,CUST0132,2285,WALLET,captured,,2026-08-14T23:55:00,0
PAY0245,ORD0245,CUST0012,9042,NETBANKING,captured,,2026-08-01T17:00:00,0
PAY0246,ORD0246,CUST0016,8346,WALLET,captured,,2026-08-03T10:57:00,0
PAY0247,ORD0247,CUST0126,7766,UPI,captured,,2026-08-08T07:54:00,0
PAY0248,ORD0248,CUST0156,2929,UPI,failed,limit_exceeded,2026-08-09T16:01:00,2
PAY0249,ORD0249,CUST0153,9191,NETBANKING,captured,,2026-08-14T18:38:00,0
PAY0250,ORD0250,CUST0111,2123,UPI,captured,,2026-08-15T19:29:00,0
PAY0251,ORD0251,CUST0225,9532,CARD,captured,,2026-08-06T04:47:00,0
PAY0252,ORD0252,CUST0106,6052,WALLET,captured,,2026-08-03T03:55:00,0
PAY0253,ORD0253,CUST0081,7491,NETBANKING,captured,,2026-08-09T12:25:00,0
PAY0254,ORD0254,CUST0245,2999,WALLET,failed,bank_error,2026-08-10T19:51:00,0
PAY0255,ORD0255,CUST0025,6604,CARD,captured,,2026-08-14T08:17:00,0
PAY0256,ORD0256,CUST0245,9700,NETBANKING,captured,,2026-08-10T08:21:00,0
PAY0257,ORD0257,CUST0091,7428,UPI,captured,,2026-08-14T15:54:00,0
PAY0258,ORD0258,CUST0080,6260,UPI,captured,,2026-08-05T20:11:00,0
PAY0259,ORD0259,CUST0040,8399,CARD,captured,,2026-08-08T23:12:00,0
PAY0260,ORD0260,CUST0217,9612,NETBANKING,captured,,2026-08-07T08:08:00,0
PAY0261,ORD0261,CUST0147,4204,WALLET,captured,,2026-08-15T03:32:00,0
PAY0262,ORD0262,CUST0158,9620,UPI,captured,,2026-08-15T23:15:00,0
PAY0263,ORD0263,CUST0213,4880,UPI,captured,,2026-08-08T00:44:00,0
PAY0264,ORD0264,CUST0236,6066,NETBANKING,failed,insufficient_funds,2026-08-02T14:00:00,3
PAY0265,ORD0265,CUST0037,1001,UPI,captured,,2026-08-05T21:29:00,0
PAY0266,ORD0266,CUST0097,7377,WALLET,captured,,2026-08-09T10:05:00,0
PAY0267,ORD0267,CUST0080,5813,UPI,captured,,2026-08-04T12:58:00,0
PAY0268,ORD0268,CUST0041,1314,UPI,captured,,2026-08-16T01:30:00,0
PAY0269,ORD0269,CUST0109,8456,WALLET,captured,,2026-08-05T21:43:00,0
PAY0270,ORD0270,CUST0194,8893,UPI,captured,,2026-08-03T12:33:00,0
PAY0271,ORD0271,CUST0073,8471,NETBANKING,failed,authentication_failed,2026-08-01T04:11:00,0
PAY0272,ORD0272,CUST0053,5437,CARD,captured,,2026-08-06T19:32:00,0
PAY0273,ORD0273,CUST0075,5874,UPI,failed,authentication_failed,2026-08-03T22:33:00,1
PAY0274,ORD0274,CUST0098,9224,CARD,captured,,2026-08-16T04:50:00,0
PAY0275,ORD0275,CUST0207,6301,UPI,captured,,2026-08-01T23:06:00,0
PAY0276,ORD0276,CUST0112,806,WALLET,captured,,2026-08-08T02:58:00,0
PAY0277,ORD0277,CUST0148,7532,WALLET,captured,,2026-08-10T12:06:00,0
PAY0278,ORD0278,CUST0075,2386,WALLET,failed,network_error,2026-08-15T01:34:00,1
PAY0279,ORD0279,CUST0118,6427,UPI,captured,,2026-08-03T09:48:00,0
PAY0280,ORD0280,CUST0063,7637,WALLET,captured,,2026-08-10T00:08:00,0
PAY0281,ORD0281,CUST0223,5582,NETBANKING,captured,,2026-08-04T19:49:00,0
PAY0282,ORD0282,CUST0020,8862,UPI,captured,,2026-08-05T09:53:00,0
PAY0283,ORD0283,CUST0232,6223,NETBANKING,captured,,2026-08-15T16:29:00,0
PAY0284,ORD0284,CUST0209,2918,CARD,captured,,2026-08-06T19:47:00,0
PAY0285,ORD0285,CUST0051,3341,CARD,captured,,2026-08-15T21:59:00,0
PAY0286,ORD0286,CUST0020,3401,WALLET,captured,,2026-08-13T19:52:00,0
PAY0287,ORD0287,CUST0195,9993,WALLET,captured,,2026-08-13T20:17:00,0
PAY0288,ORD0288,CUST0165,5794,NETBANKING,captured,,2026-08-02T13:17:00,0
PAY0289,ORD0289,CUST0121,7744,NETBANKING,captured,,2026-08-14T10:59:00,0
PAY0290,ORD0290,CUST0015,6265,UPI,captured,,2026-08-11T06:48:00,0
PAY0291,ORD0291,CUST0010,1431,NETBANKING,captured,,2026-08-02T17:54:00,0
PAY0292,ORD0292,CUST0166,1978,WALLET,captured,,2026-08-13T14:43:00,0
PAY0293,ORD0293,CUST0245,1171,WALLET,captured,,2026-08-14T00:12:00,0
PAY0294,ORD0294,CUST0167,3583,NETBANKING,captured,,2026-08-12T09:48:00,0
PAY0295,ORD0295,CUST0039,1512,WALLET,captured,,2026-08-08T19:33:00,0
PAY0296,ORD0296,CUST0183,1880,CARD,failed,authentication_failed,2026-08-12T22:12:00,3
PAY0297,ORD0297,CUST0134,3099,NETBANKING,captured,,2026-08-07T10:29:00,0
PAY0298,ORD0298,CUST0100,7196,NETBANKING,captured,,2026-08-02T04:35:00,0
PAY0299,ORD0299,CUST0203,5981,UPI,captured,,2026-08-13T16:43:00,0
PAY0300,ORD0300,CUST0174,6832,NETBANKING,captured,,2026-08-15T22:34:00,0
PAY0301,ORD0301,CUST0247,2962,NETBANKING,captured,,2026-08-16T02:25:00,0
PAY0302,ORD0302,CUST0037,6230,NETBANKING,captured,,2026-08-16T01:36:00,0
PAY0303,ORD0303,CUST0101,2611,UPI,captured,,2026-08-09T13:43:00,0
PAY0304,ORD0304,CUST0165,5880,CARD,captured,,2026-08-12T23:28:00,0
PAY0305,ORD0305,CUST0024,7436,NETBANKING,failed,network_error,2026-08-05T20:58:00,1
PAY0306,ORD0306,CUST0088,8466,CARD,captured,,2026-08-04T03:07:00,0
PAY0307,ORD0307,CUST0040,1763,NETBANKING,captured,,2026-08-03T07:14:00,0
PAY0308,ORD0308,CUST0130,9342,UPI,captured,,2026-08-15T01:31:00,0
PAY0309,ORD0309,CUST0034,6671,CARD,captured,,2026-08-15T05:11:00,0
PAY0310,ORD0310,CUST0208,3211,WALLET,failed,network_error,2026-08-11T02:35:00,1
PAY0311,ORD0311,CUST0157,5167,WALLET,captured,,2026-08-06T10:37:00,0
PAY0312,ORD0312,CUST0080,8183,CARD,captured,,2026-08-13T23:31:00,0
PAY0313,ORD0313,CUST0113,8063,NETBANKING,captured,,2026-08-12T10:39:00,0
PAY0314,ORD0314,CUST0136,7358,CARD,captured,,2026-08-14T18:13:00,0
PAY0315,ORD0315,CUST0036,4595,UPI,captured,,2026-08-09T10:43:00,0
PAY0316,ORD0316,CUST0142,2179,UPI,captured,,2026-08-04T15:33:00,0
PAY0317,ORD0317,CUST0070,7860,CARD,captured,,2026-08-03T02:05:00,0
PAY0318,ORD0318,CUST0243,4136,WALLET,captured,,2026-08-01T14:33:00,0
PAY0319,ORD0319,CUST0107,1371,WALLET,captured,,2026-08-06T08:45:00,0
PAY0320,ORD0320,CUST0099,1836,NETBANKING,captured,,2026-08-08T06:02:00,0
PAY0321,ORD0321,CUST0239,2122,NETBANKING,captured,,2026-08-04T03:08:00,0
PAY0322,ORD0322,CUST0010,5199,WALLET,captured,,2026-08-04T03:47:00,0
PAY0323,ORD0323,CUST0195,8184,WALLET,captured,,2026-08-02T19:16:00,0
PAY0324,ORD0324,CUST0005,4692,CARD,captured,,2026-08-13T11:43:00,0
PAY0325,ORD0325,CUST0241,9146,WALLET,captured,,2026-08-07T13:20:00,0
PAY0326,ORD0326,CUST0061,5433,UPI,failed,authentication_failed,2026-08-02T10:18:00,3
PAY0327,ORD0327,CUST0029,8688,UPI,captured,,2026-08-14T02:03:00,0
PAY0328,ORD0328,CUST0062,2851,NETBANKING,captured,,2026-08-14T23:46:00,0
PAY0329,ORD0329,CUST0091,4440,WALLET,captured,,2026-08-16T04:56:00,0
PAY0330,ORD0330,CUST0022,9075,NETBANKING,failed,limit_exceeded,2026-08-09T21:14:00,0
PAY0331,ORD0331,CUST0224,8201,UPI,captured,,2026-08-09T11:52:00,0
PAY0332,ORD0332,CUST0065,765,NETBANKING,captured,,2026-08-08T20:18:00,0
PAY0333,ORD0333,CUST0062,2197,NETBANKING,captured,,2026-08-09T00:24:00,0
PAY0334,ORD0334,CUST0140,6045,CARD,captured,,2026-08-11T13:44:00,0
PAY0335,ORD0335,CUST0179,8339,CARD,captured,,2026-08-02T10:27:00,0
PAY0336,ORD0336,CUST0184,7997,UPI,captured,,2026-08-01T23:55:00,0
PAY0337,ORD0337,CUST0203,3767,UPI,captured,,2026-08-08T01:20:00,0
PAY0338,ORD0338,CUST0132,7023,WALLET,captured,,2026-08-15T17:17:00,0
PAY0339,ORD0339,CUST0049,5186,NETBANKING,captured,,2026-08-02T02:06:00,0
PAY0340,ORD0340,CUST0222,5937,NETBANKING,captured,,2026-08-09T08:59:00,0
PAY0341,ORD0341,CUST0112,7052,WALLET,captured,,2026-08-09T19:09:00,0
PAY0342,ORD0342,CUST0087,3559,WALLET,captured,,2026-08-09T08:37:00,0
PAY0343,ORD0343,CUST0237,9006,NETBANKING,captured,,2026-08-10T15:50:00,0
PAY0344,ORD0344,CUST0021,7554,CARD,captured,,2026-08-08T07:25:00,0
PAY0345,ORD0345,CUST0027,1810,NETBANKING,captured,,2026-08-07T23:23:00,0
PAY0346,ORD0346,CUST0115,7480,CARD,captured,,2026-08-08T23:59:00,0
PAY0347,ORD0347,CUST0115,1192,NETBANKING,captured,,2026-08-10T21:32:00,0
PAY0348,ORD0348,CUST0071,1438,UPI,captured,,2026-08-10T05:50:00,0
PAY0349,ORD0349,CUST0094,8905,CARD,captured,,2026-08-04T05:58:00,0
PAY0350,ORD0350,CUST0218,7678,UPI,failed,insufficient_funds,2026-08-09T05:46:00,2
PAY0351,ORD0351,CUST0099,9792,UPI,captured,,2026-08-16T10:51:00,0
PAY0352,ORD0352,CUST0116,6576,NETBANKING,captured,,2026-08-02T17:59:00,0
PAY0353,ORD0353,CUST0147,2754,NETBANKING,captured,,2026-08-15T18:44:00,0
PAY0354,ORD0354,CUST0072,4588,UPI,failed,insufficient_funds,2026-08-12T18:45:00,3
PAY0355,ORD0355,CUST0100,9701,UPI,captured,,2026-08-06T22:09:00,0
PAY0356,ORD0356,CUST0181,7810,CARD,captured,,2026-08-07T11:57:00,0
PAY0357,ORD0357,CUST0178,8546,CARD,captured,,2026-08-02T16:26:00,0
PAY0358,ORD0358,CUST0116,3327,WALLET,captured,,2026-08-08T06:32:00,0
PAY0359,ORD0359,CUST0171,6191,UPI,captured,,2026-08-07T14:34:00,0
PAY0360,ORD0360,CUST0229,5413,CARD,captured,,2026-08-15T12:16:00,0
PAY0361,ORD0361,CUST0045,6421,CARD,captured,,2026-08-05T13:45:00,0
PAY0362,ORD0362,CUST0203,2774,CARD,captured,,2026-08-01T14:21:00,0
PAY0363,ORD0363,CUST0093,9576,NETBANKING,captured,,2026-08-13T13:16:00,0
PAY0364,ORD0364,CUST0034,1911,UPI,captured,,2026-08-11T21:24:00,0
PAY0365,ORD0365,CUST0135,7229,WALLET,captured,,2026-08-02T16:16:00,0
PAY0366,ORD0366,CUST0033,5693,UPI,captured,,2026-08-16T11:25:00,0
PAY0367,ORD0367,CUST0133,6143,CARD,captured,,2026-08-13T13:05:00,0
PAY0368,ORD0368,CUST0164,3480,CARD,captured,,2026-08-02T06:15:00,0
PAY0369,ORD0369,CUST0213,2533,CARD,captured,,2026-08-04T16:27:00,0
PAY0370,ORD0370,CUST0083,4193,NETBANKING,captured,,2026-08-12T19:23:00,0
PAY0371,ORD0371,CUST0230,5152,UPI,captured,,2026-08-15T10:49:00,0
PAY0372,ORD0372,CUST0245,9523,NETBANKING,captured,,2026-08-07T21:22:00,0
PAY0373,ORD0373,CUST0158,9239,UPI,captured,,2026-08-04T20:05:00,0
PAY0374,ORD0374,CUST0152,3025,CARD,captured,,2026-08-14T18:29:00,0
PAY0375,ORD0375,CUST0087,9733,UPI,captured,,2026-08-01T15:29:00,0
PAY0376,ORD0376,CUST0021,1243,NETBANKING,captured,,2026-08-14T00:27:00,0
PAY0377,ORD0377,CUST0107,995,WALLET,captured,,2026-08-13T09:57:00,0
PAY0378,ORD0378,CUST0075,5448,WALLET,captured,,2026-08-10T05:46:00,0
PAY0379,ORD0379,CUST0077,7929,UPI,captured,,2026-08-04T14:19:00,0
PAY0380,ORD0380,CUST0113,7308,WALLET,captured,,2026-08-08T17:47:00,0
PAY0381,ORD0381,CUST0156,2852,NETBANKING,captured,,2026-08-08T06:23:00,0
PAY0382,ORD0382,CUST0188,6157,WALLET,captured,,2026-08-09T10:21:00,0
PAY0383,ORD0383,CUST0132,9701,UPI,captured,,2026-08-11T14:45:00,0
PAY0384,ORD0384,CUST0032,4881,WALLET,captured,,2026-08-03T04:52:00,0
PAY0385,ORD0385,CUST0013,5253,WALLET,captured,,2026-08-10T12:21:00,0
PAY0386,ORD0386,CUST0064,3115,NETBANKING,captured,,2026-08-08T02:47:00,0
PAY0387,ORD0387,CUST0049,3109,WALLET,captured,,2026-08-11T14:56:00,0
PAY0388,ORD0388,CUST0128,5554,WALLET,failed,authentication_failed,2026-08-06T11:28:00,3
PAY0389,ORD0389,CUST0056,6280,UPI,failed,authentication_failed,2026-08-07T12:03:00,3
PAY0390,ORD0390,CUST0138,632,UPI,captured,,2026-08-07T00:26:00,0
PAY0391,ORD0391,CUST0187,6491,WALLET,captured,,2026-08-10T02:46:00,0
PAY0392,ORD0392,CUST0014,9842,CARD,captured,,2026-08-07T13:36:00,0
PAY0393,ORD0393,CUST0019,6828,WALLET,captured,,2026-08-07T08:45:00,0
PAY0394,ORD0394,CUST0212,2445,CARD,captured,,2026-08-09T23:07:00,0
PAY0395,ORD0395,CUST0096,6054,NETBANKING,captured,,2026-08-05T12:42:00,0
PAY0396,ORD0396,CUST0155,8840,WALLET,captured,,2026-08-02T00:44:00,0
PAY0397,ORD0397,CUST0010,2744,NETBANKING,captured,,2026-08-12T19:37:00,0
PAY0398,ORD0398,CUST0117,2939,CARD,captured,,2026-08-14T22:49:00,0
PAY0399,ORD0399,CUST0082,3161,WALLET,captured,,2026-08-07T19:25:00,0
PAY0400,ORD0400,CUST0152,6010,WALLET,captured,,2026-08-07T19:43:00,0
PAY0401,ORD0401,CUST0122,771,NETBANKING,captured,,2026-08-03T11:51:00,0
PAY0402,ORD0402,CUST0107,5539,UPI,captured,,2026-08-07T01:00:00,0
PAY0403,ORD0403,CUST0248,9976,CARD,captured,,2026-08-14T06:40:00,0
PAY0404,ORD0404,CUST0123,3292,WALLET,captured,,2026-08-16T11:46:00,0
PAY0405,ORD0405,CUST0063,1016,UPI,captured,,2026-08-11T00:51:00,0
PAY0406,ORD0406,CUST0081,7360,CARD,captured,,2026-08-05T15:21:00,0
PAY0407,ORD0407,CUST0106,8720,WALLET,captured,,2026-08-02T10:00:00,0
PAY0408,ORD0408,CUST0181,2761,CARD,captured,,2026-08-16T01:39:00,0
PAY0409,ORD0409,CUST0123,9108,WALLET,captured,,2026-08-04T22:34:00,0
PAY0410,ORD0410,CUST0118,9233,NETBANKING,captured,,2026-08-16T09:06:00,0
PAY0411,ORD0411,CUST0198,4830,WALLET,captured,,2026-08-06T14:37:00,0
PAY0412,ORD0412,CUST0072,9642,NETBANKING,captured,,2026-08-07T18:32:00,0
PAY0413,ORD0413,CUST0198,5234,CARD,captured,,2026-08-12T03:03:00,0
PAY0414,ORD0414,CUST0082,8360,NETBANKING,captured,,2026-08-07T05:20:00,0
PAY0415,ORD0415,CUST0074,2495,WALLET,captured,,2026-08-09T23:28:00,0
PAY0416,ORD0416,CUST0210,6153,CARD,captured,,2026-08-07T13:05:00,0
PAY0417,ORD0417,CUST0245,1793,NETBANKING,captured,,2026-08-15T22:14:00,0
PAY0418,ORD0418,CUST0066,8348,CARD,captured,,2026-08-13T06:08:00,0
PAY0419,ORD0419,CUST0070,9707,NETBANKING,captured,,2026-08-15T00:14:00,0
PAY0420,ORD0420,CUST0190,4419,CARD,failed,limit_exceeded,2026-08-15T12:24:00,1
PAY0421,ORD0421,CUST0060,1359,UPI,captured,,2026-08-11T17:59:00,0
PAY0422,ORD0422,CUST0026,2751,UPI,captured,,2026-08-04T14:15:00,0
PAY0423,ORD0423,CUST0105,8292,WALLET,captured,,2026-08-07T12:52:00,0
PAY0424,ORD0424,CUST0083,5175,UPI,captured,,2026-08-03T00:51:00,0
PAY0425,ORD0425,CUST0167,9905,CARD,captured,,2026-08-01T20:22:00,0
PAY0426,ORD0426,CUST0234,3367,WALLET,captured,,2026-08-05T00:00:00,0
PAY0427,ORD0427,CUST0240,1094,WALLET,captured,,2026-08-05T05:45:00,0
PAY0428,ORD0428,CUST0240,5241,UPI,failed,limit_exceeded,2026-08-08T14:58:00,0
PAY0429,ORD0429,CUST0073,7943,WALLET,captured,,2026-08-04T01:17:00,0
PAY0430,ORD0430,CUST0218,8760,WALLET,captured,,2026-08-03T13:31:00,0
PAY0431,ORD0431,CUST0085,3161,WALLET,captured,,2026-08-05T05:41:00,0
PAY0432,ORD0432,CUST0004,6022,NETBANKING,captured,,2026-08-05T09:29:00,0
PAY0433,ORD0433,CUST0045,7142,WALLET,captured,,2026-08-02T23:22:00,0
PAY0434,ORD0434,CUST0103,2061,CARD,captured,,2026-08-11T20:45:00,0
PAY0435,ORD0435,CUST0083,4563,UPI,captured,,2026-08-06T08:37:00,0
PAY0436,ORD0436,CUST0115,4873,NETBANKING,captured,,2026-08-14T00:52:00,0
PAY0437,ORD0437,CUST0003,4784,NETBANKING,captured,,2026-08-02T09:55:00,0
PAY0438,ORD0438,CUST0171,2435,WALLET,captured,,2026-08-10T05:24:00,0
PAY0439,ORD0439,CUST0176,8732,NETBANKING,captured,,2026-08-15T12:49:00,0
PAY0440,ORD0440,CUST0235,5332,NETBANKING,captured,,2026-08-05T23:40:00,0
PAY0441,ORD0441,CUST0246,2687,WALLET,captured,,2026-08-14T18:48:00,0
PAY0442,ORD0442,CUST0096,7312,WALLET,captured,,2026-08-16T02:41:00,0
PAY0443,ORD0443,CUST0212,4077,CARD,captured,,2026-08-14T13:23:00,0
PAY0444,ORD0444,CUST0224,1840,WALLET,captured,,2026-08-09T05:34:00,0
PAY0445,ORD0445,CUST0020,9742,UPI,failed,limit_exceeded,2026-08-14T00:46:00,1
PAY0446,ORD0446,CUST0138,2954,CARD,captured,,2026-08-12T20:10:00,0
PAY0447,ORD0447,CUST0114,2403,CARD,captured,,2026-08-12T02:57:00,0
PAY0448,ORD0448,CUST0024,8860,WALLET,captured,,2026-08-11T07:38:00,0
PAY0449,ORD0449,CUST0034,8908,WALLET,captured,,2026-08-02T07:31:00,0
PAY0450,ORD0450,CUST0144,8074,NETBANKING,captured,,2026-08-10T00:14:00,0
PAY0451,ORD0451,CUST0066,548,CARD,captured,,2026-08-02T00:44:00,0
PAY0452,ORD0452,CUST0109,6143,UPI,captured,,2026-08-02T08:54:00,0
PAY0453,ORD0453,CUST0240,1629,WALLET,failed,authentication_failed,2026-08-04T01:57:00,1
PAY0454,ORD0454,CUST0197,7386,NETBANKING,captured,,2026-08-09T16:53:00,0
PAY0455,ORD0455,CUST0115,6683,WALLET,captured,,2026-08-16T01:25:00,0
PAY0456,ORD0456,CUST0224,9334,CARD,captured,,2026-08-08T21:55:00,0
PAY0457,ORD0457,CUST0031,3423,WALLET,captured,,2026-08-06T01:37:00,0
PAY0458,ORD0458,CUST0214,555,UPI,captured,,2026-08-11T12:51:00,0
PAY0459,ORD0459,CUST0173,9419,WALLET,captured,,2026-08-06T05:25:00,0
PAY0460,ORD0460,CUST0064,8045,NETBANKING,captured,,2026-08-05T06:56:00,0
PAY0461,ORD0461,CUST0240,2347,UPI,captured,,2026-08-10T12:57:00,0
PAY0462,ORD0462,CUST0158,755,CARD,captured,,2026-08-03T07:06:00,0
PAY0463,ORD0463,CUST0153,1049,WALLET,captured,,2026-08-02T02:35:00,0
PAY0464,ORD0464,CUST0063,1223,WALLET,captured,,2026-08-13T06:46:00,0
PAY0465,ORD0465,CUST0056,1423,CARD,captured,,2026-08-07T13:58:00,0
PAY0466,ORD0466,CUST0060,9937,NETBANKING,captured,,2026-08-16T07:17:00,0
PAY0467,ORD0467,CUST0210,5752,CARD,captured,,2026-08-04T06:14:00,0
PAY0468,ORD0468,CUST0170,9039,CARD,captured,,2026-08-07T06:16:00,0
PAY0469,ORD0469,CUST0016,9620,CARD,captured,,2026-08-10T17:18:00,0
PAY0470,ORD0470,CUST0143,8619,UPI,captured,,2026-08-15T15:20:00,0
PAY0471,ORD0471,CUST0172,6743,NETBANKING,captured,,2026-08-10T06:57:00,0
PAY0472,ORD0472,CUST0039,5412,WALLET,captured,,2026-08-13T05:46:00,0
PAY0473,ORD0473,CUST0122,4447,CARD,captured,,2026-08-04T06:50:00,0
PAY0474,ORD0474,CUST0207,8085,UPI,captured,,2026-08-10T11:28:00,0
PAY0475,ORD0475,CUST0143,9182,CARD,captured,,2026-08-06T19:15:00,0
PAY0476,ORD0476,CUST0053,5910,UPI,captured,,2026-08-09T10:39:00,0
PAY0477,ORD0477,CUST0024,9274,CARD,failed,authentication_failed,2026-08-02T15:44:00,0
PAY0478,ORD0478,CUST0049,9655,CARD,captured,,2026-08-08T13:50:00,0
PAY0479,ORD0479,CUST0078,750,CARD,captured,,2026-08-03T16:04:00,0
PAY0480,ORD0480,CUST0192,8345,CARD,captured,,2026-08-05T15:41:00,0
PAY0481,ORD0481,CUST0102,4420,NETBANKING,captured,,2026-08-09T15:53:00,0
PAY0482,ORD0482,CUST0120,9242,NETBANKING,captured,,2026-08-09T04:24:00,0
PAY0483,ORD0483,CUST0132,8646,WALLET,captured,,2026-08-11T16:24:00,0
PAY0484,ORD0484,CUST0195,5745,CARD,captured,,2026-08-10T10:03:00,0
PAY0485,ORD0485,CUST0012,9715,CARD,captured,,2026-08-01T08:51:00,0
PAY0486,ORD0486,CUST0067,9564,WALLET,captured,,2026-08-05T11:08:00,0
PAY0487,ORD0487,CUST0085,4267,WALLET,captured,,2026-08-06T14:12:00,0
PAY0488,ORD0488,CUST0128,9520,NETBANKING,captured,,2026-08-12T02:51:00,0
PAY0489,ORD0489,CUST0248,8536,WALLET,captured,,2026-08-09T00:20:00,0
PAY0490,ORD0490,CUST0044,2792,WALLET,captured,,2026-08-13T08:04:00,0
PAY0491,ORD0491,CUST0165,1461,UPI,captured,,2026-08-02T16:35:00,0
PAY0492,ORD0492,CUST0242,1293,UPI,captured,,2026-08-15T08:26:00,0
PAY0493,ORD0493,CUST0060,1612,CARD,failed,limit_exceeded,2026-08-09T11:49:00,3
PAY0494,ORD0494,CUST0016,8415,WALLET,failed,limit_exceeded,2026-08-01T06:28:00,3
PAY0495,ORD0495,CUST0005,9172,NETBANKING,captured,,2026-08-07T12:34:00,0
PAY0496,ORD0496,CUST0005,8727,WALLET,captured,,2026-08-05T01:54:00,0
PAY0497,ORD0497,CUST0028,2077,CARD,captured,,2026-08-15T02:28:00,0
PAY0498,ORD0498,CUST0135,4634,NETBANKING,captured,,2026-08-10T00:45:00,0
PAY0499,ORD0499,CUST0021,6611,WALLET,captured,,2026-08-06T12:49:00,0
PAY0500,ORD0500,CUST0179,4199,NETBANKING,captured,,2026-08-02T20:01:00,0
PAY0501,ORD0501,CUST0168,1018,UPI,captured,,2026-08-09T13:59:00,0
PAY0502,ORD0502,CUST0142,8297,UPI,captured,,2026-08-04T21:35:00,0
PAY0503,ORD0503,CUST0022,8688,WALLET,captured,,2026-08-08T12:55:00,0
PAY0504,ORD0504,CUST0145,2061,UPI,captured,,2026-08-13T21:32:00,0
PAY0505,ORD0505,CUST0122,4940,UPI,captured,,2026-08-07T09:07:00,0
PAY0506,ORD0506,CUST0231,9396,UPI,failed,network_error,2026-08-05T17:08:00,0
PAY0507,ORD0507,CUST0151,2861,WALLET,captured,,2026-08-07T19:26:00,0
PAY0508,ORD0508,CUST0042,9738,CARD,captured,,2026-08-09T20:31:00,0
PAY0509,ORD0509,CUST0174,9355,NETBANKING,captured,,2026-08-04T04:25:00,0
PAY0510,ORD0510,CUST0203,1783,NETBANKING,failed,authentication_failed,2026-08-02T17:30:00,1
PAY0511,ORD0511,CUST0088,6998,NETBANKING,failed,network_error,2026-08-12T03:56:00,3
PAY0512,ORD0512,CUST0059,6328,WALLET,captured,,2026-08-16T11:12:00,0
PAY0513,ORD0513,CUST0150,6726,UPI,captured,,2026-08-07T17:18:00,0
PAY0514,ORD0514,CUST0205,4536,UPI,failed,insufficient_funds,2026-08-15T10:11:00,3
PAY0515,ORD0515,CUST0040,6882,NETBANKING,captured,,2026-08-03T01:58:00,0
PAY0516,ORD0516,CUST0002,5549,WALLET,captured,,2026-08-07T03:19:00,0
PAY0517,ORD0517,CUST0027,2669,UPI,captured,,2026-08-11T05:07:00,0
PAY0518,ORD0518,CUST0143,9587,WALLET,captured,,2026-08-03T00:56:00,0
PAY0519,ORD0519,CUST0091,9579,UPI,captured,,2026-08-08T09:10:00,0
PAY0520,ORD0520,CUST0222,6810,UPI,captured,,2026-08-09T19:47:00,0
PAY0521,ORD0521,CUST0200,1886,CARD,captured,,2026-08-04T20:36:00,0
PAY0522,ORD0522,CUST0176,6736,CARD,captured,,2026-08-07T20:27:00,0
PAY0523,ORD0523,CUST0069,8578,CARD,failed,authentication_failed,2026-08-10T13:58:00,2
PAY0524,ORD0524,CUST0077,8432,UPI,captured,,2026-08-06T14:40:00,0
PAY0525,ORD0525,CUST0185,8622,CARD,captured,,2026-08-04T01:59:00,0
PAY0526,ORD0526,CUST0078,609,WALLET,captured,,2026-08-15T02:42:00,0
PAY0527,ORD0527,CUST0098,5898,WALLET,captured,,2026-08-15T19:33:00,0
PAY0528,ORD0528,CUST0250,2729,NETBANKING,captured,,2026-08-05T13:41:00,0
PAY0529,ORD0529,CUST0123,5646,CARD,captured,,2026-08-08T06:17:00,0
PAY0530,ORD0530,CUST0075,8543,CARD,captured,,2026-08-07T09:04:00,0
PAY0531,ORD0531,CUST0210,6936,NETBANKING,captured,,2026-08-13T19:56:00,0
PAY0532,ORD0532,CUST0052,9438,CARD,captured,,2026-08-13T12:25:00,0
PAY0533,ORD0533,CUST0007,8062,CARD,captured,,2026-08-07T15:06:00,0
PAY0534,ORD0534,CUST0213,1632,WALLET,captured,,2026-08-04T04:00:00,0
PAY0535,ORD0535,CUST0163,5460,CARD,captured,,2026-08-04T12:10:00,0
PAY0536,ORD0536,CUST0184,7431,WALLET,failed,limit_exceeded,2026-08-14T05:58:00,3
PAY0537,ORD0537,CUST0103,9254,WALLET,captured,,2026-08-09T04:21:00,0
PAY0538,ORD0538,CUST0180,9295,UPI,failed,insufficient_funds,2026-08-04T18:50:00,2
PAY0539,ORD0539,CUST0166,1224,WALLET,captured,,2026-08-08T13:05:00,0
PAY0540,ORD0540,CUST0248,7551,UPI,failed,network_error,2026-08-12T14:53:00,1
PAY0541,ORD0541,CUST0192,8998,CARD,captured,,2026-08-09T21:36:00,0
PAY0542,ORD0542,CUST0119,8698,CARD,captured,,2026-08-01T13:24:00,0
PAY0543,ORD0543,CUST0124,2211,NETBANKING,captured,,2026-08-02T22:53:00,0
PAY0544,ORD0544,CUST0030,2820,NETBANKING,captured,,2026-08-11T08:40:00,0
PAY0545,ORD0545,CUST0201,3888,WALLET,captured,,2026-08-03T05:18:00,0
PAY0546,ORD0546,CUST0113,7911,NETBANKING,failed,bank_error,2026-08-01T12:20:00,0
PAY0547,ORD0547,CUST0218,6119,UPI,captured,,2026-08-04T17:45:00,0
PAY0548,ORD0548,CUST0239,4495,CARD,captured,,2026-08-08T12:45:00,0
PAY0549,ORD0549,CUST0144,7484,WALLET,captured,,2026-08-10T05:12:00,0
PAY0550,ORD0550,CUST0162,3521,CARD,captured,,2026-08-10T20:00:00,0
PAY0551,ORD0551,CUST0102,977,CARD,captured,,2026-08-10T18:35:00,0
PAY0552,ORD0552,CUST0100,571,CARD,captured,,2026-08-02T10:10:00,0
PAY0553,ORD0553,CUST0148,2166,CARD,captured,,2026-08-05T11:37:00,0
PAY0554,ORD0554,CUST0118,2366,NETBANKING,captured,,2026-08-12T03:19:00,0
PAY0555,ORD0555,CUST0136,5633,WALLET,captured,,2026-08-14T08:34:00,0
PAY0556,ORD0556,CUST0030,6199,NETBANKING,captured,,2026-08-15T01:09:00,0
PAY0557,ORD0557,CUST0045,5372,UPI,captured,,2026-08-08T03:02:00,0
PAY0558,ORD0558,CUST0031,4407,NETBANKING,captured,,2026-08-09T11:52:00,0
PAY0559,ORD0559,CUST0178,2815,WALLET,captured,,2026-08-04T03:17:00,0
PAY0560,ORD0560,CUST0148,6785,WALLET,captured,,2026-08-15T11:04:00,0
PAY0561,ORD0561,CUST0138,3337,CARD,captured,,2026-08-04T04:37:00,0
PAY0562,ORD0562,CUST0048,5653,WALLET,captured,,2026-08-09T04:04:00,0
PAY0563,ORD0563,CUST0244,656,WALLET,captured,,2026-08-09T17:41:00,0
PAY0564,ORD0564,CUST0247,9699,WALLET,captured,,2026-08-12T04:32:00,0
PAY0565,ORD0565,CUST0107,7771,WALLET,captured,,2026-08-13T20:46:00,0
PAY0566,ORD0566,CUST0008,4112,NETBANKING,failed,insufficient_funds,2026-08-04T19:51:00,2
PAY0567,ORD0567,CUST0200,7991,WALLET,captured,,2026-08-03T13:49:00,0
PAY0568,ORD0568,CUST0147,2370,NETBANKING,captured,,2026-08-09T08:21:00,0
PAY0569,ORD0569,CUST0139,1180,WALLET,captured,,2026-08-10T16:11:00,0
PAY0570,ORD0570,CUST0027,4554,NETBANKING,captured,,2026-08-01T17:36:00,0
PAY0571,ORD0571,CUST0116,4804,NETBANKING,captured,,2026-08-02T23:30:00,0
PAY0572,ORD0572,CUST0113,2422,CARD,captured,,2026-08-14T09:05:00,0
PAY0573,ORD0573,CUST0177,6243,WALLET,captured,,2026-08-04T04:02:00,0
PAY0574,ORD0574,CUST0201,3884,CARD,captured,,2026-08-13T23:20:00,0
PAY0575,ORD0575,CUST0090,9219,NETBANKING,captured,,2026-08-04T19:57:00,0
PAY0576,ORD0576,CUST0083,5293,NETBANKING,captured,,2026-08-12T16:56:00,0
PAY0577,ORD0577,CUST0231,2059,CARD,captured,,2026-08-10T08:47:00,0
PAY0578,ORD0578,CUST0236,1470,NETBANKING,captured,,2026-08-03T21:17:00,0
PAY0579,ORD0579,CUST0180,2673,CARD,captured,,2026-08-08T07:54:00,0
PAY0580,ORD0580,CUST0213,4554,WALLET,captured,,2026-08-14T03:21:00,0
PAY0581,ORD0581,CUST0162,4901,WALLET,captured,,2026-08-02T17:14:00,0
PAY0582,ORD0582,CUST0163,2024,WALLET,captured,,2026-08-07T07:56:00,0
PAY0583,ORD0583,CUST0178,6545,WALLET,captured,,2026-08-08T10:44:00,0
PAY0584,ORD0584,CUST0149,539,UPI,captured,,2026-08-11T10:22:00,0
PAY0585,ORD0585,CUST0163,6368,UPI,captured,,2026-08-10T01:12:00,0
PAY0586,ORD0586,CUST0056,7538,CARD,captured,,2026-08-08T08:19:00,0
PAY0587,ORD0587,CUST0213,5145,NETBANKING,captured,,2026-08-03T23:19:00,0
PAY0588,ORD0588,CUST0145,8450,NETBANKING,captured,,2026-08-02T02:26:00,0
PAY0589,ORD0589,CUST0012,2130,WALLET,failed,insufficient_funds,2026-08-11T09:19:00,3
PAY0590,ORD0590,CUST0001,7508,CARD,captured,,2026-08-04T00:02:00,0
PAY0591,ORD0591,CUST0226,5444,CARD,captured,,2026-08-07T05:39:00,0
PAY0592,ORD0592,CUST0024,6404,NETBANKING,captured,,2026-08-16T02:54:00,0
PAY0593,ORD0593,CUST0232,3210,UPI,captured,,2026-08-07T22:50:00,0
PAY0594,ORD0594,CUST0186,4335,WALLET,captured,,2026-08-03T03:58:00,0
PAY0595,ORD0595,CUST0001,3995,WALLET,failed,limit_exceeded,2026-08-12T19:41:00,1
PAY0596,ORD0596,CUST0175,7790,UPI,failed,network_error,2026-08-10T14:38:00,0
PAY0597,ORD0597,CUST0178,2664,WALLET,failed,authentication_failed,2026-08-03T07:56:00,0
PAY0598,ORD0598,CUST0027,5632,NETBANKING,captured,,2026-08-04T02:53:00,0
PAY0599,ORD0599,CUST0098,2680,CARD,failed,limit_exceeded,2026-08-14T21:18:00,0
PAY0600,ORD0600,CUST0167,3187,WALLET,captured,,2026-08-05T20:21:00,0
PAY0601,ORD0601,CUST0161,2979,WALLET,captured,,2026-08-11T01:36:00,0
PAY0602,ORD0602,CUST0221,4058,UPI,captured,,2026-08-04T04:27:00,0
PAY0603,ORD0603,CUST0193,2516,WALLET,captured,,2026-08-10T18:30:00,0
PAY0604,ORD0604,CUST0081,2789,CARD,captured,,2026-08-02T22:00:00,0
PAY0605,ORD0605,CUST0064,9565,NETBANKING,captured,,2026-08-01T14:38:00,0
PAY0606,ORD0606,CUST0218,5441,CARD,captured,,2026-08-12T14:16:00,0
PAY0607,ORD0607,CUST0049,6917,NETBANKING,captured,,2026-08-06T10:42:00,0
PAY0608,ORD0608,CUST0127,6821,UPI,captured,,2026-08-15T12:28:00,0
PAY0609,ORD0609,CUST0153,1662,UPI,captured,,2026-08-08T04:50:00,0
PAY0610,ORD0610,CUST0034,6836,WALLET,captured,,2026-08-04T22:21:00,0
PAY0611,ORD0611,CUST0196,8216,UPI,failed,bank_error,2026-08-06T23:11:00,0
PAY0612,ORD0612,CUST0056,1151,UPI,captured,,2026-08-10T01:20:00,0
PAY0613,ORD0613,CUST0130,5192,WALLET,captured,,2026-08-10T03:41:00,0
PAY0614,ORD0614,CUST0022,9290,CARD,captured,,2026-08-08T01:15:00,0
PAY0615,ORD0615,CUST0021,8876,CARD,captured,,2026-08-04T12:51:00,0
PAY0616,ORD0616,CUST0138,5852,WALLET,captured,,2026-08-15T18:53:00,0
PAY0617,ORD0617,CUST0175,1582,NETBANKING,captured,,2026-08-06T10:19:00,0
PAY0618,ORD0618,CUST0015,4504,UPI,captured,,2026-08-03T15:20:00,0
PAY0619,ORD0619,CUST0117,1400,NETBANKING,captured,,2026-08-15T23:23:00,0
PAY0620,ORD0620,CUST0190,3376,UPI,failed,insufficient_funds,2026-08-04T17:28:00,0
PAY0621,ORD0621,CUST0128,6179,NETBANKING,captured,,2026-08-03T21:19:00,0
PAY0622,ORD0622,CUST0192,4902,UPI,captured,,2026-08-01T16:01:00,0
PAY0623,ORD0623,CUST0086,7533,NETBANKING,captured,,2026-08-06T23:36:00,0
PAY0624,ORD0624,CUST0183,9946,UPI,captured,,2026-08-12T14:57:00,0
PAY0625,ORD0625,CUST0093,1407,WALLET,captured,,2026-08-04T19:08:00,0
PAY0626,ORD0626,CUST0095,3076,NETBANKING,captured,,2026-08-14T01:25:00,0
PAY0627,ORD0627,CUST0173,2388,CARD,captured,,2026-08-01T01:24:00,0
PAY0628,ORD0628,CUST0012,700,CARD,failed,network_error,2026-08-04T09:57:00,3
PAY0629,ORD0629,CUST0046,1078,WALLET,captured,,2026-08-06T15:35:00,0
PAY0630,ORD0630,CUST0107,5740,NETBANKING,captured,,2026-08-14T00:08:00,0
PAY0631,ORD0631,CUST0096,2455,UPI,failed,limit_exceeded,2026-08-10T02:57:00,0
PAY0632,ORD0632,CUST0018,8119,NETBANKING,captured,,2026-08-08T01:40:00,0
PAY0633,ORD0633,CUST0084,1914,WALLET,failed,insufficient_funds,2026-08-13T19:54:00,2
PAY0634,ORD0634,CUST0201,5478,CARD,captured,,2026-08-14T11:08:00,0
PAY0635,ORD0635,CUST0249,8582,CARD,captured,,2026-08-13T10:29:00,0
PAY0636,ORD0636,CUST0195,4515,CARD,failed,authentication_failed,2026-08-06T07:14:00,0
PAY0637,ORD0637,CUST0139,6174,UPI,captured,,2026-08-01T00:47:00,0
PAY0638,ORD0638,CUST0195,6663,NETBANKING,captured,,2026-08-13T01:20:00,0
PAY0639,ORD0639,CUST0061,7377,WALLET,captured,,2026-08-04T05:45:00,0
PAY0640,ORD0640,CUST0183,5083,UPI,failed,insufficient_funds,2026-08-09T11:25:00,3
PAY0641,ORD0641,CUST0118,1890,UPI,captured,,2026-08-15T12:00:00,0
PAY0642,ORD0642,CUST0210,6960,UPI,captured,,2026-08-02T10:00:00,0
PAY0643,ORD0643,CUST0112,2640,CARD,captured,,2026-08-08T04:02:00,0
PAY0644,ORD0644,CUST0238,6937,NETBANKING,captured,,2026-08-07T04:31:00,0
PAY0645,ORD0645,CUST0060,1722,CARD,captured,,2026-08-14T07:19:00,0
PAY0646,ORD0646,CUST0028,3045,UPI,failed,authentication_failed,2026-08-10T06:00:00,2
PAY0647,ORD0647,CUST0031,9279,NETBANKING,captured,,2026-08-05T17:23:00,0
PAY0648,ORD0648,CUST0116,5550,WALLET,captured,,2026-08-03T17:29:00,0
PAY0649,ORD0649,CUST0024,3081,NETBANKING,captured,,2026-08-14T17:29:00,0
PAY0650,ORD0650,CUST0011,4021,NETBANKING,captured,,2026-08-06T15:33:00,0
PAY0651,ORD0651,CUST0248,6327,WALLET,captured,,2026-08-16T09:49:00,0
PAY0652,ORD0652,CUST0077,4761,CARD,failed,authentication_failed,2026-08-13T15:37:00,3
PAY0653,ORD0653,CUST0192,9512,CARD,failed,bank_error,2026-08-03T18:19:00,1
PAY0654,ORD0654,CUST0004,1509,CARD,captured,,2026-08-10T02:46:00,0
PAY0655,ORD0655,CUST0096,1875,NETBANKING,captured,,2026-08-02T16:57:00,0
PAY0656,ORD0656,CUST0006,1555,CARD,captured,,2026-08-11T02:10:00,0
PAY0657,ORD0657,CUST0208,2609,UPI,captured,,2026-08-08T13:04:00,0
PAY0658,ORD0658,CUST0032,1198,WALLET,failed,limit_exceeded,2026-08-09T23:43:00,3
PAY0659,ORD0659,CUST0128,982,WALLET,captured,,2026-08-04T22:22:00,0
PAY0660,ORD0660,CUST0091,4016,CARD,captured,,2026-08-11T03:34:00,0
PAY0661,ORD0661,CUST0227,2934,UPI,captured,,2026-08-15T00:57:00,0
PAY0662,ORD0662,CUST0063,5334,WALLET,captured,,2026-08-13T12:44:00,0
PAY0663,ORD0663,CUST0123,1498,UPI,captured,,2026-08-04T02:56:00,0
PAY0664,ORD0664,CUST0108,3766,CARD,captured,,2026-08-13T08:54:00,0
PAY0665,ORD0665,CUST0204,818,WALLET,captured,,2026-08-09T04:07:00,0
PAY0666,ORD0666,CUST0123,9420,WALLET,captured,,2026-08-13T20:55:00,0
PAY0667,ORD0667,CUST0129,5768,WALLET,captured,,2026-08-01T14:14:00,0
PAY0668,ORD0668,CUST0082,4087,UPI,captured,,2026-08-07T09:25:00,0
PAY0669,ORD0669,CUST0015,8227,NETBANKING,captured,,2026-08-06T07:07:00,0
PAY0670,ORD0670,CUST0250,3114,UPI,captured,,2026-08-06T11:42:00,0
PAY0671,ORD0671,CUST0069,9242,UPI,captured,,2026-08-05T23:49:00,0
PAY0672,ORD0672,CUST0148,6862,NETBANKING,captured,,2026-08-04T22:52:00,0
PAY0673,ORD0673,CUST0046,4374,NETBANKING,captured,,2026-08-09T03:56:00,0
PAY0674,ORD0674,CUST0234,961,NETBANKING,captured,,2026-08-13T19:48:00,0
PAY0675,ORD0675,CUST0037,9724,CARD,captured,,2026-08-12T04:49:00,0
PAY0676,ORD0676,CUST0139,5562,CARD,captured,,2026-08-03T01:17:00,0
PAY0677,ORD0677,CUST0015,4310,CARD,failed,authentication_failed,2026-08-08T13:10:00,0
PAY0678,ORD0678,CUST0235,3799,CARD,captured,,2026-08-05T00:55:00,0
PAY0679,ORD0679,CUST0236,5800,UPI,failed,limit_exceeded,2026-08-03T12:34:00,1
PAY0680,ORD0680,CUST0217,9121,NETBANKING,captured,,2026-08-09T12:01:00,0
PAY0681,ORD0681,CUST0181,6980,UPI,captured,,2026-08-08T08:11:00,0
PAY0682,ORD0682,CUST0035,3079,WALLET,captured,,2026-08-12T02:04:00,0
PAY0683,ORD0683,CUST0167,5697,CARD,captured,,2026-08-13T18:54:00,0
PAY0684,ORD0684,CUST0178,6345,CARD,captured,,2026-08-04T23:45:00,0
PAY0685,ORD0685,CUST0097,5525,NETBANKING,captured,,2026-08-01T00:58:00,0
PAY0686,ORD0686,CUST0243,9884,WALLET,captured,,2026-08-13T21:55:00,0
PAY0687,ORD0687,CUST0009,3482,NETBANKING,captured,,2026-08-14T21:53:00,0
PAY0688,ORD0688,CUST0057,9764,UPI,captured,,2026-08-04T04:48:00,0
PAY0689,ORD0689,CUST0085,1773,CARD,captured,,2026-08-08T06:29:00,0
PAY0690,ORD0690,CUST0043,1952,NETBANKING,captured,,2026-08-07T00:50:00,0
PAY0691,ORD0691,CUST0054,4587,UPI,captured,,2026-08-03T11:00:00,0
PAY0692,ORD0692,CUST0185,519,UPI,captured,,2026-08-10T13:11:00,0
PAY0693,ORD0693,CUST0249,3224,WALLET,captured,,2026-08-09T14:49:00,0
PAY0694,ORD0694,CUST0090,9445,WALLET,captured,,2026-08-11T21:51:00,0
PAY0695,ORD0695,CUST0202,9969,CARD,captured,,2026-08-02T16:15:00,0
PAY0696,ORD0696,CUST0205,1046,NETBANKING,failed,network_error,2026-08-02T16:31:00,0
PAY0697,ORD0697,CUST0088,3286,WALLET,captured,,2026-08-02T16:57:00,0
PAY0698,ORD0698,CUST0141,2024,NETBANKING,captured,,2026-08-14T23:07:00,0
PAY0699,ORD0699,CUST0229,8408,UPI,captured,,2026-08-15T20:58:00,0
PAY0700,ORD0700,CUST0043,7612,CARD,failed,network_error,2026-08-05T07:45:00,1
PAY0701,ORD0701,CUST0105,9577,NETBANKING,captured,,2026-08-07T18:25:00,0
PAY0702,ORD0702,CUST0061,2070,UPI,captured,,2026-08-13T12:11:00,0
PAY0703,ORD0703,CUST0216,8542,CARD,failed,bank_error,2026-08-02T23:51:00,3
PAY0704,ORD0704,CUST0076,8368,CARD,failed,insufficient_funds,2026-08-15T12:32:00,1
PAY0705,ORD0705,CUST0075,1841,WALLET,captured,,2026-08-08T00:24:00,0
PAY0706,ORD0706,CUST0201,7011,WALLET,captured,,2026-08-16T01:00:00,0
PAY0707,ORD0707,CUST0068,1992,WALLET,captured,,2026-08-09T16:19:00,0
PAY0708,ORD0708,CUST0095,3555,WALLET,failed,authentication_failed,2026-08-06T23:51:00,3
PAY0709,ORD0709,CUST0058,4899,UPI,failed,bank_error,2026-08-16T04:53:00,0
PAY0710,ORD0710,CUST0089,9370,WALLET,captured,,2026-08-14T10:04:00,0
PAY0711,ORD0711,CUST0059,9569,UPI,captured,,2026-08-12T21:23:00,0
PAY0712,ORD0712,CUST0108,9272,WALLET,captured,,2026-08-06T08:41:00,0
PAY0713,ORD0713,CUST0122,5395,UPI,captured,,2026-08-01T18:57:00,0
PAY0714,ORD0714,CUST0129,9857,CARD,captured,,2026-08-11T05:14:00,0
PAY0715,ORD0715,CUST0045,3237,CARD,captured,,2026-08-03T20:54:00,0
PAY0716,ORD0716,CUST0011,7435,UPI,captured,,2026-08-10T21:46:00,0
PAY0717,ORD0717,CUST0052,2921,NETBANKING,captured,,2026-08-02T12:35:00,0
PAY0718,ORD0718,CUST0023,6857,WALLET,captured,,2026-08-07T06:50:00,0
PAY0719,ORD0719,CUST0134,8005,UPI,captured,,2026-08-15T04:16:00,0
PAY0720,ORD0720,CUST0151,9060,WALLET,captured,,2026-08-04T09:43:00,0
PAY0721,ORD0721,CUST0038,9782,UPI,captured,,2026-08-13T19:18:00,0
PAY0722,ORD0722,CUST0200,2153,NETBANKING,captured,,2026-08-08T19:47:00,0
PAY0723,ORD0723,CUST0225,7231,NETBANKING,captured,,2026-08-12T01:11:00,0
PAY0724,ORD0724,CUST0147,8249,UPI,failed,authentication_failed,2026-08-15T01:38:00,1
PAY0725,ORD0725,CUST0156,7080,UPI,captured,,2026-08-08T13:02:00,0
PAY0726,ORD0726,CUST0177,4391,UPI,captured,,2026-08-07T02:40:00,0
PAY0727,ORD0727,CUST0230,6601,UPI,captured,,2026-08-07T21:30:00,0
PAY0728,ORD0728,CUST0080,5092,WALLET,captured,,2026-08-03T05:38:00,0
PAY0729,ORD0729,CUST0249,4233,CARD,captured,,2026-08-11T01:59:00,0
PAY0730,ORD0730,CUST0199,5756,NETBANKING,captured,,2026-08-14T18:23:00,0
PAY0731,ORD0731,CUST0166,1961,CARD,captured,,2026-08-10T06:22:00,0
PAY0732,ORD0732,CUST0190,8436,NETBANKING,captured,,2026-08-12T17:24:00,0
PAY0733,ORD0733,CUST0203,3103,UPI,captured,,2026-08-12T12:46:00,0
PAY0734,ORD0734,CUST0104,2721,UPI,failed,insufficient_funds,2026-08-06T16:15:00,0
PAY0735,ORD0735,CUST0009,7977,UPI,captured,,2026-08-05T12:44:00,0
PAY0736,ORD0736,CUST0071,6534,WALLET,captured,,2026-08-15T11:01:00,0
PAY0737,ORD0737,CUST0237,2528,UPI,captured,,2026-08-12T02:56:00,0
PAY0738,ORD0738,CUST0153,7807,CARD,captured,,2026-08-11T19:11:00,0
PAY0739,ORD0739,CUST0151,9532,NETBANKING,captured,,2026-08-06T21:15:00,0
PAY0740,ORD0740,CUST0192,1979,NETBANKING,failed,bank_error,2026-08-14T00:31:00,1
PAY0741,ORD0741,CUST0200,4010,CARD,captured,,2026-08-16T10:06:00,0
PAY0742,ORD0742,CUST0053,4907,WALLET,captured,,2026-08-01T04:51:00,0
PAY0743,ORD0743,CUST0122,2666,CARD,captured,,2026-08-01T04:37:00,0
PAY0744,ORD0744,CUST0058,4634,NETBANKING,captured,,2026-08-15T15:01:00,0
PAY0745,ORD0745,CUST0071,7442,WALLET,captured,,2026-08-11T10:40:00,0
PAY0746,ORD0746,CUST0065,4074,WALLET,captured,,2026-08-12T20:20:00,0
PAY0747,ORD0747,CUST0212,7005,UPI,failed,network_error,2026-08-07T19:00:00,2
PAY0748,ORD0748,CUST0176,2270,WALLET,failed,network_error,2026-08-07T07:12:00,2
PAY0749,ORD0749,CUST0067,5394,CARD,captured,,2026-08-06T11:14:00,0
PAY0750,ORD0750,CUST0231,1429,WALLET,captured,,2026-08-16T11:47:00,0
PAY0751,ORD0751,CUST0036,916,WALLET,captured,,2026-08-06T21:40:00,0
PAY0752,ORD0752,CUST0233,7356,WALLET,captured,,2026-08-01T19:17:00,0
PAY0753,ORD0753,CUST0150,9871,CARD,captured,,2026-08-06T01:26:00,0
PAY0754,ORD0754,CUST0176,9258,WALLET,captured,,2026-08-16T06:55:00,0
PAY0755,ORD0755,CUST0092,8810,NETBANKING,captured,,2026-08-15T23:08:00,0
PAY0756,ORD0756,CUST0225,9645,CARD,captured,,2026-08-11T17:06:00,0
PAY0757,ORD0757,CUST0033,4736,CARD,captured,,2026-08-08T15:18:00,0
PAY0758,ORD0758,CUST0168,1962,CARD,captured,,2026-08-07T23:42:00,0
PAY0759,ORD0759,CUST0108,5927,NETBANKING,captured,,2026-08-07T16:35:00,0
PAY0760,ORD0760,CUST0119,2428,WALLET,failed,limit_exceeded,2026-08-11T17:53:00,0
PAY0761,ORD0761,CUST0228,3686,UPI,captured,,2026-08-09T16:26:00,0
PAY0762,ORD0762,CUST0136,5387,WALLET,failed,insufficient_funds,2026-08-05T13:23:00,1
PAY0763,ORD0763,CUST0088,7203,WALLET,captured,,2026-08-05T02:29:00,0
PAY0764,ORD0764,CUST0200,1823,WALLET,captured,,2026-08-05T00:34:00,0
PAY0765,ORD0765,CUST0081,1449,UPI,captured,,2026-08-05T18:21:00,0
PAY0766,ORD0766,CUST0195,3261,CARD,captured,,2026-08-03T00:04:00,0
PAY0767,ORD0767,CUST0034,7604,WALLET,captured,,2026-08-11T20:43:00,0
PAY0768,ORD0768,CUST0099,575,UPI,captured,,2026-08-09T11:45:00,0
PAY0769,ORD0769,CUST0244,729,NETBANKING,captured,,2026-08-13T02:00:00,0
PAY0770,ORD0770,CUST0049,792,UPI,captured,,2026-08-06T15:53:00,0
PAY0771,ORD0771,CUST0058,6140,NETBANKING,captured,,2026-08-09T17:28:00,0
PAY0772,ORD0772,CUST0129,5514,CARD,failed,bank_error,2026-08-07T14:49:00,2
PAY0773,ORD0773,CUST0117,9023,NETBANKING,captured,,2026-08-04T01:04:00,0
PAY0774,ORD0774,CUST0088,8530,NETBANKING,captured,,2026-08-04T18:02:00,0
PAY0775,ORD0775,CUST0243,7108,UPI,captured,,2026-08-03T23:39:00,0
PAY0776,ORD0776,CUST0055,858,CARD,captured,,2026-08-15T19:16:00,0
PAY0777,ORD0777,CUST0203,1111,WALLET,captured,,2026-08-06T19:41:00,0
PAY0778,ORD0778,CUST0198,9260,UPI,captured,,2026-08-02T02:11:00,0
PAY0779,ORD0779,CUST0170,2270,UPI,failed,bank_error,2026-08-11T02:39:00,3
PAY0780,ORD0780,CUST0098,2523,NETBANKING,captured,,2026-08-04T11:37:00,0
PAY0781,ORD0781,CUST0053,651,NETBANKING,captured,,2026-08-03T07:08:00,0
PAY0782,ORD0782,CUST0170,9023,NETBANKING,captured,,2026-08-04T02:54:00,0
PAY0783,ORD0783,CUST0108,2217,UPI,captured,,2026-08-03T10:02:00,0
PAY0784,ORD0784,CUST0128,3753,CARD,captured,,2026-08-12T21:42:00,0
PAY0785,ORD0785,CUST0250,3803,NETBANKING,captured,,2026-08-07T17:18:00,0
PAY0786,ORD0786,CUST0042,1144,WALLET,captured,,2026-08-11T22:30:00,0
PAY0787,ORD0787,CUST0085,4341,UPI,failed,bank_error,2026-08-14T01:33:00,0
PAY0788,ORD0788,CUST0172,8594,CARD,captured,,2026-08-12T15:27:00,0
PAY0789,ORD0789,CUST0020,2158,NETBANKING,captured,,2026-08-11T09:26:00,0
PAY0790,ORD0790,CUST0076,4826,WALLET,failed,insufficient_funds,2026-08-07T14:41:00,0
PAY0791,ORD0791,CUST0093,5622,WALLET,captured,,2026-08-03T03:52:00,0
PAY0792,ORD0792,CUST0218,1250,UPI,captured,,2026-08-16T02:16:00,0
PAY0793,ORD0793,CUST0166,3292,NETBANKING,captured,,2026-08-10T23:03:00,0
PAY0794,ORD0794,CUST0245,4894,UPI,captured,,2026-08-08T19:10:00,0
PAY0795,ORD0795,CUST0047,2364,WALLET,captured,,2026-08-11T09:19:00,0
PAY0796,ORD0796,CUST0070,6818,WALLET,captured,,2026-08-15T18:21:00,0
PAY0797,ORD0797,CUST0227,3231,UPI,failed,bank_error,2026-08-03T08:38:00,1
PAY0798,ORD0798,CUST0107,8407,WALLET,captured,,2026-08-09T15:23:00,0
PAY0799,ORD0799,CUST0200,6374,UPI,captured,,2026-08-03T23:21:00,0
PAY0800,ORD0800,CUST0124,8496,UPI,captured,,2026-08-11T00:40:00,0
PAY0801,ORD0801,CUST0012,1536,NETBANKING,captured,,2026-08-01T06:45:00,0
PAY0802,ORD0802,CUST0181,9097,CARD,captured,,2026-08-16T05:49:00,0
PAY0803,ORD0803,CUST0224,6041,UPI,captured,,2026-08-06T15:45:00,0
PAY0804,ORD0804,CUST0124,6163,WALLET,captured,,2026-08-13T16:55:00,0
PAY0805,ORD0805,CUST0229,1393,UPI,captured,,2026-08-04T13:42:00,0
PAY0806,ORD0806,CUST0130,8187,WALLET,captured,,2026-08-02T16:53:00,0
PAY0807,ORD0807,CUST0193,8554,NETBANKING,captured,,2026-08-07T07:54:00,0
PAY0808,ORD0808,CUST0013,8804,CARD,captured,,2026-08-09T14:47:00,0
PAY0809,ORD0809,CUST0104,4349,UPI,captured,,2026-08-14T00:57:00,0
PAY0810,ORD0810,CUST0115,1941,WALLET,captured,,2026-08-03T16:49:00,0
PAY0811,ORD0811,CUST0128,790,UPI,captured,,2026-08-01T19:34:00,0
PAY0812,ORD0812,CUST0143,9495,UPI,captured,,2026-08-14T17:58:00,0
PAY0813,ORD0813,CUST0247,5489,CARD,captured,,2026-08-11T09:09:00,0
PAY0814,ORD0814,CUST0244,6083,NETBANKING,captured,,2026-08-06T01:44:00,0
PAY0815,ORD0815,CUST0217,7944,NETBANKING,captured,,2026-08-15T02:28:00,0
PAY0816,ORD0816,CUST0154,8250,NETBANKING,captured,,2026-08-03T14:16:00,0
PAY0817,ORD0817,CUST0025,4132,UPI,captured,,2026-08-15T10:03:00,0
PAY0818,ORD0818,CUST0247,5282,NETBANKING,captured,,2026-08-02T01:00:00,0
PAY0819,ORD0819,CUST0230,3188,WALLET,captured,,2026-08-10T07:29:00,0
PAY0820,ORD0820,CUST0028,4665,CARD,captured,,2026-08-09T22:34:00,0
PAY0821,ORD0821,CUST0056,7987,CARD,captured,,2026-08-03T10:51:00,0
PAY0822,ORD0822,CUST0194,7289,UPI,captured,,2026-08-16T07:04:00,0
PAY0823,ORD0823,CUST0151,2517,WALLET,captured,,2026-08-14T09:50:00,0
PAY0824,ORD0824,CUST0245,8759,CARD,captured,,2026-08-01T02:22:00,0
PAY0825,ORD0825,CUST0136,1294,WALLET,captured,,2026-08-11T23:44:00,0
PAY0826,ORD0826,CUST0237,8827,CARD,captured,,2026-08-04T22:50:00,0
PAY0827,ORD0827,CUST0188,2602,UPI,captured,,2026-08-14T15:58:00,0
PAY0828,ORD0828,CUST0156,5772,WALLET,captured,,2026-08-14T20:35:00,0
PAY0829,ORD0829,CUST0235,4566,NETBANKING,captured,,2026-08-08T19:14:00,0
PAY0830,ORD0830,CUST0249,5318,WALLET,captured,,2026-08-04T03:27:00,0
PAY0831,ORD0831,CUST0106,8892,NETBANKING,captured,,2026-08-13T11:10:00,0
PAY0832,ORD0832,CUST0221,5642,CARD,captured,,2026-08-15T04:52:00,0
PAY0833,ORD0833,CUST0183,5259,NETBANKING,captured,,2026-08-04T00:27:00,0
PAY0834,ORD0834,CUST0182,3412,NETBANKING,captured,,2026-08-09T00:22:00,0
PAY0835,ORD0835,CUST0144,8369,WALLET,captured,,2026-08-13T03:34:00,0
PAY0836,ORD0836,CUST0074,7419,UPI,captured,,2026-08-01T13:48:00,0
PAY0837,ORD0837,CUST0098,2880,UPI,captured,,2026-08-05T13:10:00,0
PAY0838,ORD0838,CUST0069,3135,NETBANKING,captured,,2026-08-04T07:58:00,0
PAY0839,ORD0839,CUST0215,1515,NETBANKING,captured,,2026-08-13T07:33:00,0
PAY0840,ORD0840,CUST0009,6375,WALLET,captured,,2026-08-16T08:55:00,0
PAY0841,ORD0841,CUST0190,9704,CARD,captured,,2026-08-13T18:31:00,0
PAY0842,ORD0842,CUST0100,4391,NETBANKING,captured,,2026-08-02T01:39:00,0
PAY0843,ORD0843,CUST0238,6750,WALLET,captured,,2026-08-08T02:45:00,0
PAY0844,ORD0844,CUST0248,9545,UPI,failed,network_error,2026-08-15T02:54:00,1
PAY0845,ORD0845,CUST0223,7758,CARD,captured,,2026-08-15T17:41:00,0
PAY0846,ORD0846,CUST0095,9454,CARD,captured,,2026-08-05T09:40:00,0
PAY0847,ORD0847,CUST0076,7852,CARD,captured,,2026-08-02T16:40:00,0
PAY0848,ORD0848,CUST0048,3346,UPI,captured,,2026-08-10T18:01:00,0
PAY0849,ORD0849,CUST0072,9618,NETBANKING,captured,,2026-08-14T06:56:00,0
PAY0850,ORD0850,CUST0217,4677,UPI,captured,,2026-08-04T12:32:00,0
PAY0851,ORD0851,CUST0011,3017,NETBANKING,captured,,2026-08-15T05:32:00,0
PAY0852,ORD0852,CUST0158,5433,WALLET,captured,,2026-08-13T12:27:00,0
PAY0853,ORD0853,CUST0092,1693,NETBANKING,captured,,2026-08-05T04:25:00,0
PAY0854,ORD0854,CUST0134,1616,CARD,captured,,2026-08-13T05:17:00,0
PAY0855,ORD0855,CUST0104,2005,NETBANKING,captured,,2026-08-05T20:31:00,0
PAY0856,ORD0856,CUST0170,5936,NETBANKING,captured,,2026-08-05T23:18:00,0
PAY0857,ORD0857,CUST0244,9190,WALLET,captured,,2026-08-15T18:36:00,0
PAY0858,ORD0858,CUST0003,2378,NETBANKING,captured,,2026-08-15T14:45:00,0
PAY0859,ORD0859,CUST0158,4493,UPI,captured,,2026-08-08T07:16:00,0
PAY0860,ORD0860,CUST0098,2356,WALLET,captured,,2026-08-07T10:27:00,0
PAY0861,ORD0861,CUST0007,8967,NETBANKING,captured,,2026-08-12T13:50:00,0
PAY0862,ORD0862,CUST0115,8474,UPI,captured,,2026-08-15T19:49:00,0
PAY0863,ORD0863,CUST0050,5747,UPI,captured,,2026-08-04T19:25:00,0
PAY0864,ORD0864,CUST0249,9313,UPI,captured,,2026-08-05T19:06:00,0
PAY0865,ORD0865,CUST0172,3991,WALLET,captured,,2026-08-05T16:16:00,0
PAY0866,ORD0866,CUST0138,7629,UPI,captured,,2026-08-04T11:58:00,0
PAY0867,ORD0867,CUST0007,8022,NETBANKING,failed,bank_error,2026-08-05T01:12:00,0
PAY0868,ORD0868,CUST0204,4626,UPI,captured,,2026-08-06T04:19:00,0
PAY0869,ORD0869,CUST0234,4736,WALLET,captured,,2026-08-15T08:10:00,0
PAY0870,ORD0870,CUST0104,7593,NETBANKING,failed,bank_error,2026-08-15T14:18:00,0
PAY0871,ORD0871,CUST0185,1535,UPI,captured,,2026-08-02T15:38:00,0
PAY0872,ORD0872,CUST0092,8737,UPI,captured,,2026-08-07T20:34:00,0
PAY0873,ORD0873,CUST0156,1916,NETBANKING,captured,,2026-08-10T23:01:00,0
PAY0874,ORD0874,CUST0098,6972,UPI,captured,,2026-08-13T03:20:00,0
PAY0875,ORD0875,CUST0057,2733,WALLET,captured,,2026-08-13T10:02:00,0
PAY0876,ORD0876,CUST0076,2859,NETBANKING,captured,,2026-08-15T17:51:00,0
PAY0877,ORD0877,CUST0096,681,CARD,captured,,2026-08-01T02:44:00,0
PAY0878,ORD0878,CUST0147,6955,UPI,captured,,2026-08-08T19:47:00,0
PAY0879,ORD0879,CUST0055,7259,CARD,captured,,2026-08-06T00:34:00,0
PAY0880,ORD0880,CUST0158,4639,CARD,captured,,2026-08-16T06:26:00,0
PAY0881,ORD0881,CUST0205,9793,UPI,captured,,2026-08-13T11:44:00,0
PAY0882,ORD0882,CUST0119,9504,UPI,captured,,2026-08-02T12:47:00,0
PAY0883,ORD0883,CUST0065,2107,CARD,captured,,2026-08-12T02:04:00,0
PAY0884,ORD0884,CUST0244,5919,NETBANKING,captured,,2026-08-15T21:58:00,0
PAY0885,ORD0885,CUST0061,2138,NETBANKING,captured,,2026-08-05T09:40:00,0
PAY0886,ORD0886,CUST0082,8459,WALLET,captured,,2026-08-16T00:07:00,0
PAY0887,ORD0887,CUST0079,2995,NETBANKING,captured,,2026-08-10T17:54:00,0
PAY0888,ORD0888,CUST0044,578,NETBANKING,captured,,2026-08-06T00:58:00,0
PAY0889,ORD0889,CUST0183,7644,NETBANKING,captured,,2026-08-04T01:20:00,0
PAY0890,ORD0890,CUST0174,5931,WALLET,captured,,2026-08-09T03:55:00,0
PAY0891,ORD0891,CUST0199,5503,WALLET,captured,,2026-08-04T23:59:00,0
PAY0892,ORD0892,CUST0166,1842,NETBANKING,captured,,2026-08-04T04:27:00,0
PAY0893,ORD0893,CUST0229,9323,CARD,captured,,2026-08-15T06:13:00,0
PAY0894,ORD0894,CUST0020,1734,UPI,captured,,2026-08-15T08:57:00,0
PAY0895,ORD0895,CUST0008,9983,WALLET,captured,,2026-08-05T20:11:00,0
PAY0896,ORD0896,CUST0233,1099,NETBANKING,captured,,2026-08-13T06:44:00,0
PAY0897,ORD0897,CUST0121,2934,NETBANKING,captured,,2026-08-14T10:00:00,0
PAY0898,ORD0898,CUST0188,5266,CARD,captured,,2026-08-12T14:45:00,0
PAY0899,ORD0899,CUST0024,6999,NETBANKING,captured,,2026-08-16T01:54:00,0
PAY0900,ORD0900,CUST0062,3216,CARD,captured,,2026-08-05T01:50:00,0
PAY0901,ORD0901,CUST0145,9769,CARD,captured,,2026-08-12T00:03:00,0
PAY0902,ORD0902,CUST0241,6377,UPI,captured,,2026-08-12T02:19:00,0
PAY0903,ORD0903,CUST0060,1528,NETBANKING,captured,,2026-08-01T23:22:00,0
PAY0904,ORD0904,CUST0172,3886,NETBANKING,captured,,2026-08-11T08:17:00,0
PAY0905,ORD0905,CUST0226,1259,UPI,captured,,2026-08-08T08:59:00,0
PAY0906,ORD0906,CUST0027,9041,NETBANKING,captured,,2026-08-06T23:48:00,0
PAY0907,ORD0907,CUST0149,9417,CARD,captured,,2026-08-09T14:43:00,0
PAY0908,ORD0908,CUST0094,1774,NETBANKING,captured,,2026-08-06T01:43:00,0
PAY0909,ORD0909,CUST0133,7148,NETBANKING,captured,,2026-08-08T20:26:00,0
PAY0910,ORD0910,CUST0125,8397,UPI,captured,,2026-08-04T03:53:00,0
PAY0911,ORD0911,CUST0113,3212,CARD,failed,network_error,2026-08-04T10:03:00,1
PAY0912,ORD0912,CUST0048,3077,NETBANKING,captured,,2026-08-03T16:37:00,0
PAY0913,ORD0913,CUST0170,4272,WALLET,captured,,2026-08-03T13:53:00,0
PAY0914,ORD0914,CUST0124,8343,WALLET,captured,,2026-08-04T16:03:00,0
PAY0915,ORD0915,CUST0166,7231,UPI,captured,,2026-08-03T21:50:00,0
PAY0916,ORD0916,CUST0147,3138,CARD,captured,,2026-08-01T21:24:00,0
PAY0917,ORD0917,CUST0229,9875,CARD,failed,network_error,2026-08-12T18:09:00,1
PAY0918,ORD0918,CUST0246,7141,UPI,captured,,2026-08-16T01:24:00,0
PAY0919,ORD0919,CUST0211,5143,UPI,captured,,2026-08-14T19:14:00,0
PAY0920,ORD0920,CUST0121,8390,CARD,captured,,2026-08-10T08:20:00,0
PAY0921,ORD0921,CUST0154,2837,CARD,captured,,2026-08-12T14:58:00,0
PAY0922,ORD0922,CUST0068,3246,NETBANKING,captured,,2026-08-14T13:47:00,0
PAY0923,ORD0923,CUST0152,1626,CARD,captured,,2026-08-04T00:12:00,0
PAY0924,ORD0924,CUST0028,770,CARD,captured,,2026-08-12T11:26:00,0
PAY0925,ORD0925,CUST0176,7376,CARD,captured,,2026-08-05T00:53:00,0
PAY0926,ORD0926,CUST0122,1138,UPI,failed,insufficient_funds,2026-08-16T10:35:00,0
PAY0927,ORD0927,CUST0167,7568,WALLET,captured,,2026-08-01T23:43:00,0
PAY0928,ORD0928,CUST0179,9179,WALLET,captured,,2026-08-11T23:18:00,0
PAY0929,ORD0929,CUST0203,6745,NETBANKING,captured,,2026-08-14T02:38:00,0
PAY0930,ORD0930,CUST0026,7470,CARD,captured,,2026-08-06T06:58:00,0
PAY0931,ORD0931,CUST0233,1872,NETBANKING,captured,,2026-08-13T08:56:00,0
PAY0932,ORD0932,CUST0105,4722,CARD,failed,bank_error,2026-08-12T19:51:00,0
PAY0933,ORD0933,CUST0002,6643,CARD,captured,,2026-08-08T04:31:00,0
PAY0934,ORD0934,CUST0105,6434,UPI,failed,limit_exceeded,2026-08-06T22:42:00,2
PAY0935,ORD0935,CUST0219,9282,WALLET,captured,,2026-08-14T22:10:00,0
PAY0936,ORD0936,CUST0071,7010,CARD,captured,,2026-08-13T16:30:00,0
PAY0937,ORD0937,CUST0124,3427,NETBANKING,captured,,2026-08-12T00:11:00,0
PAY0938,ORD0938,CUST0065,5523,NETBANKING,captured,,2026-08-10T01:25:00,0
PAY0939,ORD0939,CUST0189,2761,UPI,captured,,2026-08-11T03:54:00,0
PAY0940,ORD0940,CUST0201,3149,UPI,captured,,2026-08-10T02:45:00,0
PAY0941,ORD0941,CUST0202,6043,UPI,failed,bank_error,2026-08-04T07:22:00,0
PAY0942,ORD0942,CUST0121,7632,UPI,failed,insufficient_funds,2026-08-02T19:42:00,2
PAY0943,ORD0943,CUST0156,1117,WALLET,captured,,2026-08-10T02:48:00,0
PAY0944,ORD0944,CUST0158,9035,NETBANKING,captured,,2026-08-14T14:17:00,0
PAY0945,ORD0945,CUST0015,3370,WALLET,captured,,2026-08-05T14:09:00,0
PAY0946,ORD0946,CUST0218,8988,NETBANKING,captured,,2026-08-14T15:24:00,0
PAY0947,ORD0947,CUST0131,8950,CARD,captured,,2026-08-16T08:06:00,0
PAY0948,ORD0948,CUST0010,6392,CARD,captured,,2026-08-04T13:59:00,0
PAY0949,ORD0949,CUST0023,5019,WALLET,captured,,2026-08-09T23:48:00,0
PAY0950,ORD0950,CUST0104,3780,UPI,captured,,2026-08-02T13:28:00,0
PAY0951,ORD0951,CUST0236,1976,NETBANKING,captured,,2026-08-13T17:21:00,0
PAY0952,ORD0952,CUST0235,6202,NETBANKING,captured,,2026-08-07T07:00:00,0
PAY0953,ORD0953,CUST0058,3686,WALLET,captured,,2026-08-14T01:58:00,0
PAY0954,ORD0954,CUST0002,4776,CARD,captured,,2026-08-03T10:08:00,0
PAY0955,ORD0955,CUST0144,1684,NETBANKING,captured,,2026-08-03T15:54:00,0
PAY0956,ORD0956,CUST0206,8908,NETBANKING,captured,,2026-08-14T01:58:00,0
PAY0957,ORD0957,CUST0065,7753,WALLET,captured,,2026-08-06T12:51:00,0
PAY0958,ORD0958,CUST0194,6064,WALLET,captured,,2026-08-14T08:29:00,0
PAY0959,ORD0959,CUST0221,947,WALLET,captured,,2026-08-02T12:53:00,0
PAY0960,ORD0960,CUST0098,4109,CARD,captured,,2026-08-10T09:14:00,0
PAY0961,ORD0961,CUST0245,6284,UPI,captured,,2026-08-06T23:49:00,0
PAY0962,ORD0962,CUST0064,5205,UPI,captured,,2026-08-08T18:46:00,0
PAY0963,ORD0963,CUST0020,9584,CARD,captured,,2026-08-09T01:04:00,0
PAY0964,ORD0964,CUST0056,9898,NETBANKING,captured,,2026-08-05T07:51:00,0
PAY0965,ORD0965,CUST0128,3770,CARD,captured,,2026-08-07T00:56:00,0
PAY0966,ORD0966,CUST0053,4254,CARD,captured,,2026-08-15T01:50:00,0
PAY0967,ORD0967,CUST0092,3054,UPI,failed,bank_error,2026-08-14T23:13:00,3
PAY0968,ORD0968,CUST0002,9370,UPI,captured,,2026-08-09T10:43:00,0
PAY0969,ORD0969,CUST0159,5666,WALLET,captured,,2026-08-14T01:45:00,0
PAY0970,ORD0970,CUST0223,5000,WALLET,captured,,2026-08-12T15:08:00,0
PAY0971,ORD0971,CUST0072,7017,CARD,captured,,2026-08-03T22:02:00,0
PAY0972,ORD0972,CUST0014,9112,WALLET,captured,,2026-08-13T07:19:00,0
PAY0973,ORD0973,CUST0009,8731,NETBANKING,captured,,2026-08-04T23:27:00,0
PAY0974,ORD0974,CUST0118,2471,WALLET,captured,,2026-08-01T04:35:00,0
PAY0975,ORD0975,CUST0004,3951,WALLET,captured,,2026-08-08T09:43:00,0
PAY0976,ORD0976,CUST0093,4753,CARD,captured,,2026-08-06T09:30:00,0
PAY0977,ORD0977,CUST0069,8221,NETBANKING,captured,,2026-08-12T08:23:00,0
PAY0978,ORD0978,CUST0109,3948,WALLET,captured,,2026-08-09T11:19:00,0
PAY0979,ORD0979,CUST0094,7062,NETBANKING,captured,,2026-08-14T00:03:00,0
PAY0980,ORD0980,CUST0034,9934,CARD,captured,,2026-08-07T03:25:00,0
PAY0981,ORD0981,CUST0206,4362,WALLET,captured,,2026-08-05T11:04:00,0
PAY0982,ORD0982,CUST0038,2949,WALLET,captured,,2026-08-05T00:27:00,0
PAY0983,ORD0983,CUST0108,8684,CARD,captured,,2026-08-15T08:25:00,0
PAY0984,ORD0984,CUST0133,9247,NETBANKING,captured,,2026-08-07T19:51:00,0
PAY0985,ORD0985,CUST0065,9709,UPI,captured,,2026-08-04T17:12:00,0
PAY0986,ORD0986,CUST0016,4029,NETBANKING,captured,,2026-08-15T07:59:00,0
PAY0987,ORD0987,CUST0025,7869,NETBANKING,captured,,2026-08-09T04:46:00,0
PAY0988,ORD0988,CUST0144,9632,NETBANKING,captured,,2026-08-10T08:52:00,0
PAY0989,ORD0989,CUST0032,6251,CARD,captured,,2026-08-15T18:54:00,0
PAY0990,ORD0990,CUST0167,9320,CARD,captured,,2026-08-07T11:26:00,0
PAY0991,ORD0991,CUST0091,5825,WALLET,captured,,2026-08-11T04:05:00,0
PAY0992,ORD0992,CUST0228,1783,WALLET,captured,,2026-08-11T13:16:00,0
PAY0993,ORD0993,CUST0162,2872,CARD,captured,,2026-08-08T16:15:00,0
PAY0994,ORD0994,CUST0108,9864,WALLET,captured,,2026-08-02T14:57:00,0
PAY0995,ORD0995,CUST0021,3153,NETBANKING,captured,,2026-08-08T05:03:00,0
PAY0996,ORD0996,CUST0168,5272,NETBANKING,captured,,2026-08-09T23:58:00,0
PAY0997,ORD0997,CUST0070,7788,NETBANKING,captured,,2026-08-12T20:30:00,0
PAY0998,ORD0998,CUST0248,7876,WALLET,captured,,2026-08-01T12:36:00,0
PAY0999,ORD0999,CUST0033,4343,NETBANKING,captured,,2026-08-02T19:43:00,0
PAY1000,ORD1000,CUST0054,3233,WALLET,captured,,2026-08-02T10:50:00,0
